,Date_Time,Temperature [BMP388],Temperature [DHT],Pressure,Humidity
0,2022-01-05 14:44:54,28.28,28,998.88,32
1,2022-01-05 14:59:07,27.88,28,998.88,32
2,2022-01-05 15:00:39,27.94,28,998.74,33
3,2022-01-05 15:02:20,27.98,28,998.69,33
4,2022-01-06 07:38:23,24.11,24,1009.92,42
5,2022-01-06 07:41:08,24.14,24,1009.77,41
6,2022-01-06 07:42:52,24.13,24,1009.86,40
7,2022-01-06 08:02:00,24.21,24,1009.91,40
8,2022-01-06 08:36:56,24.59,24,1010.1,39
9,2022-01-06 08:37:16,24.6,25,1009.92,41
10,2022-01-06 08:37:36,24.59,25,1010.01,41
11,2022-01-06 08:37:57,24.57,25,1010.05,41
12,2022-01-06 08:38:17,24.57,25,1009.94,41
13,2022-01-06 08:38:37,24.56,25,1009.98,40
14,2022-01-06 08:38:57,24.54,25,1009.97,41
15,2022-01-06 08:40:29,24.56,25,1010.01,40
16,2022-01-06 08:42:30,24.52,25,1010.09,41
17,2022-01-06 08:44:30,24.5,25,1010.06,40
18,2022-01-06 08:46:30,24.51,24,1010.19,40
19,2022-01-06 08:48:31,24.53,24,1010.19,40
20,2022-01-06 08:50:31,24.51,24,1010.27,40
21,2022-01-06 08:52:32,24.47,24,1010.22,39
22,2022-01-06 08:54:32,24.43,24,1010.02,39
23,2022-01-06 08:56:32,24.42,24,1010.25,39
24,2022-01-06 08:58:33,24.42,24,1010.08,39
25,2022-01-06 09:00:33,24.41,24,1010.09,39
26,2022-01-06 09:02:33,24.43,24,1010.12,39
27,2022-01-06 09:04:34,24.45,24,1010.08,39
28,2022-01-06 09:06:34,24.49,24,1009.98,38
29,2022-01-06 09:08:35,24.5,24,1009.93,38
30,2022-01-06 09:10:35,24.51,24,1010.13,38
31,2022-01-06 09:12:35,24.48,25,1010.13,38
32,2022-01-06 09:14:36,24.44,24,1010.09,38
33,2022-01-06 09:16:36,24.41,24,1010.04,38
34,2022-01-06 09:18:36,24.43,24,1009.94,38
35,2022-01-06 09:20:37,24.47,24,1009.82,38
36,2022-01-06 09:22:37,24.49,24,1009.81,38
37,2022-01-06 09:24:37,24.52,24,1009.92,38
38,2022-01-06 09:26:38,24.55,24,1009.9,38
39,2022-01-06 09:28:38,24.57,25,1009.84,38
40,2022-01-06 09:30:39,24.59,25,1009.71,38
41,2022-01-06 09:32:39,24.57,25,1009.73,38
42,2022-01-06 09:34:39,24.52,25,1009.73,38
43,2022-01-06 09:36:40,24.51,24,1009.81,38
44,2022-01-06 09:38:40,24.52,24,1009.74,38
45,2022-01-06 09:40:40,24.54,25,1009.7,38
46,2022-01-06 09:42:41,24.55,24,1009.73,38
47,2022-01-06 09:44:41,24.59,25,1009.69,38
48,2022-01-06 09:46:41,24.64,25,1009.79,38
49,2022-01-06 09:48:42,24.67,25,1009.71,37
50,2022-01-06 09:50:42,24.7,25,1009.57,37
51,2022-01-06 09:52:43,24.7,25,1009.55,37
52,2022-01-06 09:54:43,24.64,25,1009.46,37
53,2022-01-06 09:56:43,24.62,25,1009.54,37
54,2022-01-06 09:58:44,24.62,25,1009.51,37
55,2022-01-06 10:00:44,24.65,25,1009.41,38
56,2022-01-06 10:02:44,24.67,25,1009.4,37
57,2022-01-06 10:04:45,24.72,25,1009.32,37
58,2022-01-06 10:06:45,24.78,25,1009.36,37
59,2022-01-06 10:08:46,24.81,25,1009.41,37
60,2022-01-06 10:10:46,24.79,25,1009.28,37
61,2022-01-06 10:12:46,24.78,25,1009.36,37
62,2022-01-06 10:14:47,24.75,25,1009.34,36
63,2022-01-06 10:16:47,24.73,25,1009.28,36
64,2022-01-06 10:18:47,24.75,25,1009.23,37
65,2022-01-06 10:20:48,24.8,25,1009.2,37
66,2022-01-06 10:22:48,24.85,25,1009.17,37
67,2022-01-06 10:24:48,24.88,25,1009.32,37
68,2022-01-06 10:26:49,24.91,25,1009.24,37
69,2022-01-06 10:28:49,24.92,25,1009.22,37
70,2022-01-06 10:30:50,24.91,25,1009.22,37
71,2022-01-06 10:32:50,24.86,25,1009.05,36
72,2022-01-06 10:34:50,24.86,25,1009.05,36
73,2022-01-06 10:36:51,24.88,25,1009.07,36
74,2022-01-06 10:38:51,24.93,25,1009.11,37
75,2022-01-06 10:40:51,24.99,25,1008.95,36
76,2022-01-06 10:42:52,25.06,25,1009.0,36
77,2022-01-06 10:44:52,25.06,25,1008.97,36
78,2022-01-06 10:46:53,25.11,25,1008.94,36
79,2022-01-06 10:48:53,25.15,25,1008.87,36
80,2022-01-06 10:50:53,25.18,25,1008.88,36
81,2022-01-06 10:52:54,25.18,25,1008.88,36
82,2022-01-06 10:54:54,25.12,25,1008.75,36
83,2022-01-06 10:56:54,25.09,25,1008.69,36
84,2022-01-06 10:58:55,25.12,25,1008.77,36
85,2022-01-06 11:00:55,25.16,25,1008.6,36
86,2022-01-06 11:02:55,25.18,25,1008.64,37
87,2022-01-06 11:04:56,25.23,25,1008.7,37
88,2022-01-06 11:06:56,25.21,25,1008.74,36
89,2022-01-06 11:08:56,25.21,25,1008.63,35
90,2022-01-06 11:10:57,25.2,25,1008.57,35
91,2022-01-06 11:12:57,25.22,25,1008.61,36
92,2022-01-06 11:14:58,25.25,25,1008.63,36
93,2022-01-06 11:16:58,25.23,25,1008.69,35
94,2022-01-06 11:18:58,25.22,25,1008.56,35
95,2022-01-06 11:20:59,25.23,25,1008.57,35
96,2022-01-06 11:22:59,25.23,25,1008.59,35
97,2022-01-06 11:24:59,25.29,25,1008.55,35
98,2022-01-06 11:27:00,25.25,25,1008.58,35
99,2022-01-06 11:29:00,25.22,25,1008.47,34
100,2022-01-06 11:31:00,25.22,25,1008.6,35
101,2022-01-06 11:33:01,25.34,25,1008.45,35
102,2022-01-06 11:35:01,25.45,25,1008.43,35
103,2022-01-06 11:41:02,25.53,26,1008.35,36
104,2022-01-06 11:43:03,25.52,26,1008.45,36
105,2022-01-06 11:45:03,25.59,26,1008.24,36
106,2022-01-06 11:47:03,25.65,26,1008.38,36
107,2022-01-06 11:49:04,25.69,26,1008.32,36
108,2022-01-06 11:51:04,25.68,26,1008.3,36
109,2022-01-06 11:53:04,25.73,26,1008.3,36
110,2022-01-06 11:55:05,25.73,26,1008.17,36
111,2022-01-06 11:57:05,25.71,26,1008.09,36
112,2022-01-06 11:59:06,25.7,26,1008.16,36
113,2022-01-06 12:01:06,25.66,26,1008.01,36
114,2022-01-06 12:03:06,25.66,26,1007.94,36
115,2022-01-06 12:05:07,25.66,25,1008.0,35
116,2022-01-06 12:07:07,25.68,26,1008.0,37
117,2022-01-06 12:11:08,25.69,26,1007.78,37
118,2022-01-06 12:13:08,25.72,25,1007.71,36
119,2022-01-06 12:15:09,25.78,26,1007.76,37
120,2022-01-06 12:17:09,25.83,26,1007.74,37
121,2022-01-06 12:19:09,25.82,26,1007.81,37
122,2022-01-06 12:21:10,25.82,26,1007.57,37
123,2022-01-06 12:23:10,25.86,26,1007.84,37
124,2022-01-06 12:25:10,25.9,26,1007.58,37
125,2022-01-06 12:27:11,25.96,26,1007.68,37
126,2022-01-06 12:29:11,26.03,26,1007.64,37
127,2022-01-06 12:31:12,26.05,26,1007.77,37
128,2022-01-06 12:33:12,26.12,26,1007.72,38
129,2022-01-06 12:35:12,26.13,26,1007.6,37
130,2022-01-06 12:37:13,26.16,26,1007.45,37
131,2022-01-06 12:39:13,26.17,26,1007.36,38
132,2022-01-06 12:41:13,26.2,26,1007.38,37
133,2022-01-06 12:43:14,26.25,26,1007.4,37
134,2022-01-06 12:45:14,26.32,26,1007.54,37
135,2022-01-06 12:47:14,26.35,26,1007.37,37
136,2022-01-06 12:49:15,26.42,26,1007.36,37
137,2022-01-06 12:51:15,26.44,26,1007.32,37
138,2022-01-06 12:53:16,26.46,26,1007.34,38
139,2022-01-06 12:55:16,26.45,26,1007.32,37
140,2022-01-06 12:57:16,26.45,26,1007.2,37
141,2022-01-06 12:59:17,26.44,26,1007.29,37
142,2022-01-06 13:01:17,26.48,26,1007.32,37
143,2022-01-06 13:03:17,26.52,26,1007.18,37
144,2022-01-06 13:05:18,26.57,26,1007.08,37
145,2022-01-06 13:07:18,26.62,27,1007.18,37
146,2022-01-06 13:09:18,26.66,27,1007.0,37
147,2022-01-06 13:11:19,26.68,27,1007.02,37
148,2022-01-06 13:13:19,26.67,27,1007.05,37
149,2022-01-06 13:15:19,26.7,27,1007.1,37
150,2022-01-06 13:17:20,26.75,27,1007.01,37
151,2022-01-06 13:19:20,26.79,27,1007.02,37
152,2022-01-06 13:21:20,26.84,27,1007.02,37
153,2022-01-06 13:23:21,26.84,27,1006.93,37
154,2022-01-06 13:25:21,26.8,27,1007.0,37
155,2022-01-06 13:27:21,26.83,27,1006.93,37
156,2022-01-06 13:29:22,26.87,27,1006.9,37
157,2022-01-06 13:31:22,26.88,27,1006.98,37
158,2022-01-06 13:33:22,26.92,27,1006.86,37
159,2022-01-06 13:35:23,26.9,27,1006.78,37
160,2022-01-06 13:37:23,26.91,27,1006.82,37
161,2022-01-06 13:39:23,26.86,27,1006.8,37
162,2022-01-06 13:43:24,26.94,27,1006.68,36
163,2022-01-06 13:45:25,27.0,27,1006.75,36
164,2022-01-06 13:47:25,27.03,27,1006.73,36
165,2022-01-06 13:49:25,27.07,27,1006.48,36
166,2022-01-06 13:51:26,27.11,27,1006.58,37
167,2022-01-06 13:53:26,27.14,27,1006.43,36
168,2022-01-06 13:55:26,27.12,27,1006.52,37
169,2022-01-06 13:57:27,27.14,27,1006.32,37
170,2022-01-06 13:59:27,27.17,27,1006.36,37
171,2022-01-06 14:01:27,27.25,27,1006.3,37
172,2022-01-06 14:03:28,27.23,27,1006.13,37
173,2022-01-06 14:05:28,27.22,27,1006.25,37
174,2022-01-06 14:07:29,27.23,27,1006.16,38
175,2022-01-06 14:09:29,27.23,27,1006.03,37
176,2022-01-06 14:11:29,27.23,27,1006.06,37
177,2022-01-06 14:13:30,27.25,27,1005.92,37
178,2022-01-06 14:15:30,27.24,27,1005.85,37
179,2022-01-06 14:17:30,27.26,27,1005.93,37
180,2022-01-06 14:19:31,27.25,27,1005.79,36
181,2022-01-06 14:21:31,27.27,27,1005.72,36
182,2022-01-06 14:23:31,27.28,27,1005.76,36
183,2022-01-06 14:25:32,27.28,27,1005.78,36
184,2022-01-06 14:27:32,27.26,27,1005.78,36
185,2022-01-06 14:29:33,27.27,27,1005.72,35
186,2022-01-06 14:31:33,27.26,27,1005.54,35
187,2022-01-06 14:33:33,27.26,27,1005.66,35
188,2022-01-06 14:35:34,27.24,27,1005.67,35
189,2022-01-06 14:37:34,27.23,27,1005.66,34
190,2022-01-06 14:39:34,27.23,27,1005.64,34
191,2022-01-06 14:41:35,27.22,27,1005.66,34
192,2022-01-06 14:43:35,27.22,27,1005.56,34
193,2022-01-06 14:45:35,27.23,27,1005.62,34
194,2022-01-06 14:47:36,27.34,27,1005.58,34
195,2022-01-06 14:49:36,27.52,27,1005.66,36
196,2022-01-06 16:20:52,25.12,25,1000.5,41
197,2022-01-06 16:26:15,25.43,25,1000.35,40
198,2022-01-11 07:45:40,25.52,25,1000.33,40
199,2022-01-11 07:48:44,25.6,26,1000.39,40
200,2022-01-11 07:49:04,25.61,26,1000.41,40
201,2022-01-11 07:49:14,25.62,26,1000.33,40
202,2022-01-11 07:49:25,25.63,26,1000.32,40
203,2022-01-11 07:49:46,25.65,26,1000.43,40
204,2022-01-11 07:49:57,25.63,26,1000.37,40
205,2022-01-11 07:50:07,25.63,26,1000.37,40
206,2022-01-11 07:50:13,25.63,26,1000.54,40
207,2022-01-11 07:50:24,25.64,26,1000.46,40
208,2022-01-11 07:50:34,25.63,26,1000.45,40
209,2022-01-11 07:50:44,25.63,26,1000.45,40
210,2022-01-11 07:50:55,25.64,26,1000.38,40
211,2022-01-11 07:51:05,25.64,26,1000.39,40
212,2022-01-11 07:51:15,25.65,26,1000.41,40
213,2022-01-11 07:51:25,25.65,26,1000.42,40
214,2022-01-11 07:51:36,25.66,26,1000.36,40
215,2022-01-11 07:51:46,25.66,26,1000.38,40
216,2022-01-11 07:51:56,25.65,26,1000.34,40
217,2022-01-11 07:52:07,25.65,26,1000.41,40
218,2022-01-11 07:52:17,25.65,26,1000.4,40
219,2022-01-11 07:52:27,25.68,26,1000.47,40
220,2022-01-11 07:52:38,25.68,26,1000.44,40
221,2022-01-11 07:52:48,25.68,26,1000.4,40
222,2022-01-11 07:52:58,25.67,26,1000.44,40
223,2022-01-11 07:53:08,25.65,26,1000.37,40
224,2022-01-11 07:53:19,25.65,26,1000.45,40
225,2022-01-11 07:53:29,25.66,26,1000.47,40
226,2022-01-11 07:53:39,25.66,26,1000.48,41
227,2022-01-11 07:53:50,25.69,26,1000.49,41
228,2022-01-11 07:54:00,25.69,26,1000.33,41
229,2022-01-11 07:54:10,25.69,26,1000.36,41
230,2022-01-11 07:54:20,25.7,26,1000.35,40
231,2022-01-11 07:54:31,25.72,26,1000.42,41
232,2022-01-11 07:54:41,25.71,26,1000.41,41
233,2022-01-11 07:54:51,25.71,26,1000.47,41
234,2022-01-11 07:55:02,25.72,26,1000.29,41
235,2022-01-11 07:55:12,25.72,26,1000.43,41
236,2022-01-11 07:55:22,25.72,26,1000.51,41
237,2022-01-11 07:55:32,25.73,26,1000.43,41
238,2022-01-11 07:55:43,25.73,26,1000.24,41
239,2022-01-11 07:55:53,25.73,26,1000.43,40
240,2022-01-11 07:56:03,25.73,26,1000.44,40
241,2022-01-11 07:56:14,25.73,26,1000.43,40
242,2022-01-11 07:56:24,25.73,26,1000.49,40
243,2022-01-11 07:56:34,25.73,26,1000.43,40
244,2022-01-11 07:56:45,25.75,26,1000.41,40
245,2022-01-11 07:56:55,25.74,26,1000.25,41
246,2022-01-11 07:57:05,25.76,26,1000.35,41
247,2022-01-11 07:57:15,25.75,26,1000.36,40
248,2022-01-11 07:57:26,25.78,26,1000.31,40
249,2022-01-11 07:57:36,25.77,26,1000.45,40
250,2022-01-11 07:57:46,25.78,26,1000.51,40
251,2022-01-11 07:57:57,25.79,26,1000.37,40
252,2022-01-11 07:58:07,25.79,26,1000.45,40
253,2022-01-11 07:58:17,25.79,26,1000.47,40
254,2022-01-11 07:58:27,25.78,26,1000.39,40
255,2022-01-11 07:58:38,25.76,26,1000.39,40
256,2022-01-11 07:58:48,25.77,26,1000.44,40
257,2022-01-11 07:58:58,25.78,26,1000.39,40
258,2022-01-11 07:59:09,25.77,26,1000.41,40
259,2022-01-11 07:59:19,25.76,26,1000.42,40
260,2022-01-11 07:59:29,25.75,26,1000.36,40
261,2022-01-11 07:59:40,25.76,26,1000.33,40
262,2022-01-11 07:59:50,25.75,26,1000.32,40
263,2022-01-11 08:00:00,25.76,26,1000.49,40
264,2022-01-11 08:00:10,25.75,26,1000.38,40
265,2022-01-11 08:00:21,25.75,26,1000.32,40
266,2022-01-11 08:00:31,25.73,26,1000.43,40
267,2022-01-11 08:00:41,25.73,26,1000.43,40
268,2022-01-11 08:00:52,25.74,26,1000.39,40
269,2022-01-11 08:01:02,25.76,26,1000.44,40
270,2022-01-11 08:01:12,25.78,26,1000.39,40
271,2022-01-11 08:01:22,25.79,26,1000.4,40
272,2022-01-11 08:01:33,25.81,26,1000.41,40
273,2022-01-11 08:01:43,25.82,26,1000.44,40
274,2022-01-11 08:01:53,25.82,26,1000.47,40
275,2022-01-11 08:02:04,25.82,26,1000.51,40
276,2022-01-11 08:02:14,25.83,26,1000.47,40
277,2022-01-11 08:02:24,25.85,26,1000.52,40
278,2022-01-11 08:02:35,25.86,26,1000.46,40
279,2022-01-11 08:02:45,25.85,26,1000.41,40
280,2022-01-11 08:02:55,25.86,26,1000.38,40
281,2022-01-11 08:03:05,25.86,26,1000.32,40
282,2022-01-11 08:03:16,25.87,26,1000.36,39
283,2022-01-11 08:03:26,25.9,26,1000.26,39
284,2022-01-11 08:03:36,25.88,26,1000.38,40
285,2022-01-11 08:03:47,25.89,26,1000.28,40
286,2022-01-11 08:03:57,25.89,26,1000.59,40
287,2022-01-11 08:04:07,25.9,26,1000.35,40
288,2022-01-11 08:04:18,25.88,26,1000.38,40
289,2022-01-11 08:04:28,25.89,26,1000.36,40
290,2022-01-11 08:04:38,25.88,26,1000.47,40
291,2022-01-11 08:04:48,25.88,26,1000.4,40
292,2022-01-11 08:04:59,25.88,26,1000.52,40
293,2022-01-11 08:05:09,25.9,26,1000.49,40
294,2022-01-11 08:05:19,25.91,26,1000.34,41
295,2022-01-11 08:05:30,25.92,26,1000.35,41
296,2022-01-11 08:05:40,25.92,26,1000.44,40
297,2022-01-11 08:05:50,25.92,26,1000.36,40
298,2022-01-11 08:06:00,25.92,26,1000.35,40
299,2022-01-11 08:06:11,25.93,26,1000.36,40
300,2022-01-11 08:06:21,25.94,26,1000.3,40
301,2022-01-11 08:06:31,25.93,26,1000.4,40
302,2022-01-11 08:06:42,25.93,26,1000.41,40
303,2022-01-11 08:06:52,25.94,26,1000.32,40
304,2022-01-11 08:07:02,25.95,26,1000.38,40
305,2022-01-11 08:07:13,25.95,26,1000.3,40
306,2022-01-11 08:07:23,25.95,26,1000.4,40
307,2022-01-11 08:07:33,25.96,26,1000.28,40
308,2022-01-11 08:07:43,25.96,26,1000.39,40
309,2022-01-11 08:07:54,25.96,26,1000.35,40
310,2022-01-11 08:08:04,25.95,26,1000.41,39
311,2022-01-11 08:08:14,25.96,26,1000.4,39
312,2022-01-11 08:08:25,25.96,26,1000.4,39
313,2022-01-11 08:08:35,25.97,26,1000.37,39
314,2022-01-11 08:08:45,25.96,26,1000.47,39
315,2022-01-11 08:08:55,25.96,26,1000.49,39
316,2022-01-11 08:09:06,25.96,26,1000.36,39
317,2022-01-11 08:09:16,25.95,26,1000.36,39
318,2022-01-11 08:09:26,25.96,26,1000.37,39
319,2022-01-11 08:09:37,25.96,26,1000.33,39
320,2022-01-11 08:09:47,25.97,26,1000.32,39
321,2022-01-11 08:09:57,25.96,26,1000.39,40
322,2022-01-11 08:10:07,25.98,26,1000.48,39
323,2022-01-11 08:10:18,26.0,26,1000.38,39
324,2022-01-11 08:10:28,26.0,26,1000.48,39
325,2022-01-11 08:10:38,25.97,26,1000.34,40
326,2022-01-11 08:10:49,25.98,26,1000.39,40
327,2022-01-11 08:10:59,25.97,26,1000.41,40
328,2022-01-11 08:11:09,25.96,26,1000.4,40
329,2022-01-11 08:11:20,25.95,26,1000.43,40
330,2022-01-11 08:11:30,25.96,26,1000.36,40
331,2022-01-11 08:11:40,25.96,26,1000.4,40
332,2022-01-11 08:11:50,25.95,26,1000.36,40
333,2022-01-11 08:12:01,25.96,26,1000.42,40
334,2022-01-11 08:12:11,25.96,26,1000.44,40
335,2022-01-11 08:12:21,25.95,26,1000.4,40
336,2022-01-11 08:12:32,25.96,26,1000.4,40
337,2022-01-11 08:12:42,25.96,26,1000.43,40
338,2022-01-11 08:12:52,25.96,26,1000.37,40
339,2022-01-11 08:13:03,25.97,26,1000.56,40
340,2022-01-11 08:13:13,25.97,26,1000.42,40
341,2022-01-11 08:13:23,26.0,26,1000.36,40
342,2022-01-11 08:13:33,25.98,26,1000.44,40
343,2022-01-11 08:13:44,26.0,26,1000.36,40
344,2022-01-11 08:13:54,26.0,26,1000.48,40
345,2022-01-11 08:14:04,26.01,26,1000.46,40
346,2022-01-11 08:14:15,26.01,26,1000.36,40
347,2022-01-11 08:14:25,26.02,26,1000.5,40
348,2022-01-11 08:14:35,26.02,26,1000.46,40
349,2022-01-11 08:14:46,26.02,26,1000.44,40
350,2022-01-11 08:14:56,26.01,26,1000.43,40
351,2022-01-11 08:15:06,26.03,26,1000.44,40
352,2022-01-11 08:15:16,26.02,26,1000.37,40
353,2022-01-11 08:15:27,26.03,26,1000.55,40
354,2022-01-11 08:15:37,26.04,26,1000.39,40
355,2022-01-11 08:15:47,26.04,26,1000.47,40
356,2022-01-11 08:15:58,26.04,26,1000.4,40
357,2022-01-11 08:16:08,26.05,26,1000.44,40
358,2022-01-11 08:16:18,26.05,26,1000.51,40
359,2022-01-11 08:16:28,26.05,26,1000.34,40
360,2022-01-11 08:16:39,26.07,26,1000.51,40
361,2022-01-11 08:16:49,26.07,26,1000.4,40
362,2022-01-11 08:16:59,26.06,26,1000.48,40
363,2022-01-11 08:17:10,26.09,26,1000.48,40
364,2022-01-11 08:17:20,26.09,26,1000.39,40
365,2022-01-11 08:17:30,26.09,26,1000.49,39
366,2022-01-11 08:17:40,26.07,26,1000.54,39
367,2022-01-11 08:17:51,26.07,26,1000.51,39
368,2022-01-11 08:18:01,26.06,26,1000.44,39
369,2022-01-11 08:18:11,26.07,26,1000.46,39
370,2022-01-11 08:18:22,26.08,26,1000.57,39
371,2022-01-11 08:18:32,26.09,26,1000.42,39
372,2022-01-11 08:18:42,26.09,26,1000.5,39
373,2022-01-11 08:18:53,26.09,26,1000.55,39
374,2022-01-11 08:19:03,26.11,26,1000.44,39
375,2022-01-11 08:19:13,26.09,26,1000.47,39
376,2022-01-11 08:19:23,26.11,26,1000.46,39
377,2022-01-11 08:19:34,26.11,26,1000.56,39
378,2022-01-11 08:19:44,26.11,26,1000.48,39
379,2022-01-11 08:19:54,26.09,26,1000.52,39
380,2022-01-11 08:20:05,26.09,26,1000.44,39
381,2022-01-11 08:20:15,26.1,26,1000.43,39
382,2022-01-11 08:20:25,26.1,26,1000.54,39
383,2022-01-11 08:20:36,26.1,27,1000.54,38
384,2022-01-11 08:20:46,26.11,27,1000.35,38
385,2022-01-11 08:20:56,26.11,26,1000.46,39
386,2022-01-11 08:21:06,26.1,26,1000.53,39
387,2022-01-11 08:21:17,26.11,26,1000.49,39
388,2022-01-11 08:21:27,26.11,26,1000.4,39
389,2022-01-11 08:21:37,26.11,26,1000.42,39
390,2022-01-11 08:21:48,26.1,26,1000.54,39
391,2022-01-11 08:21:58,26.08,26,1000.5,39
392,2022-01-11 08:22:08,26.1,26,1000.52,39
393,2022-01-11 08:22:19,26.09,26,1000.51,39
394,2022-01-11 08:22:29,26.1,26,1000.52,39
395,2022-01-11 08:22:39,26.1,26,1000.54,39
396,2022-01-11 08:22:49,26.12,26,1000.56,39
397,2022-01-11 08:23:00,26.11,26,1000.36,39
398,2022-01-11 08:23:10,26.12,26,1000.59,39
399,2022-01-11 08:23:20,26.12,26,1000.52,39
400,2022-01-11 08:23:31,26.13,26,1000.42,39
401,2022-01-11 08:23:41,26.13,26,1000.49,39
402,2022-01-11 08:23:51,26.14,26,1000.54,39
403,2022-01-11 08:24:01,26.13,26,1000.44,39
404,2022-01-11 08:24:12,26.13,26,1000.44,39
405,2022-01-11 08:24:22,26.13,26,1000.39,39
406,2022-01-11 08:24:32,26.13,26,1000.58,39
407,2022-01-11 08:24:43,26.13,26,1000.48,39
408,2022-01-11 08:24:53,26.13,26,1000.35,39
409,2022-01-11 08:25:03,26.13,27,1000.58,38
410,2022-01-11 08:25:14,26.12,26,1000.61,38
411,2022-01-11 08:25:24,26.13,26,1000.61,39
412,2022-01-11 08:25:34,26.14,26,1000.47,39
413,2022-01-11 08:25:44,26.14,26,1000.5,39
414,2022-01-11 08:25:55,26.16,26,1000.46,39
415,2022-01-11 08:26:05,26.15,26,1000.4,39
416,2022-01-11 08:26:15,26.15,26,1000.44,39
417,2022-01-11 08:26:26,26.14,26,1000.46,39
418,2022-01-11 08:26:36,26.14,26,1000.48,39
419,2022-01-11 08:26:46,26.15,26,1000.6,40
420,2022-01-11 08:26:57,26.16,26,1000.46,40
421,2022-01-11 08:27:07,26.17,26,1000.46,40
422,2022-01-11 08:27:17,26.18,26,1000.49,40
423,2022-01-11 08:27:27,26.17,26,1000.43,40
424,2022-01-11 08:27:38,26.18,26,1000.4,40
425,2022-01-11 08:27:48,26.18,26,1000.56,40
426,2022-01-11 08:27:58,26.19,26,1000.49,40
427,2022-01-11 08:28:09,26.19,26,1000.34,40
428,2022-01-11 08:28:19,26.19,26,1000.56,40
429,2022-01-11 08:28:29,26.19,26,1000.31,40
430,2022-01-11 08:28:40,26.2,26,1000.43,40
431,2022-01-11 08:28:50,26.2,26,1000.37,40
432,2022-01-11 08:29:00,26.22,26,1000.46,40
433,2022-01-11 08:29:10,26.21,26,1000.37,40
434,2022-01-11 08:29:21,26.21,26,1000.37,39
435,2022-01-11 08:29:31,26.21,26,1000.45,39
436,2022-01-11 08:29:41,26.23,26,1000.32,39
437,2022-01-11 08:29:52,26.21,26,1000.38,39
438,2022-01-11 08:30:02,26.2,26,1000.44,39
439,2022-01-11 08:30:12,26.19,26,1000.37,39
440,2022-01-11 08:30:22,26.18,26,1000.51,39
441,2022-01-11 08:30:33,26.18,26,1000.38,39
442,2022-01-11 08:30:43,26.18,26,1000.35,39
443,2022-01-11 08:30:53,26.18,26,1000.36,39
444,2022-01-11 08:31:04,26.17,26,1000.28,39
445,2022-01-11 08:31:14,26.17,26,1000.37,39
446,2022-01-11 08:31:24,26.15,26,1000.38,39
447,2022-01-11 08:31:34,26.12,26,1000.36,39
448,2022-01-11 08:31:45,26.13,26,1000.42,40
449,2022-01-11 08:31:55,26.12,26,1000.33,40
450,2022-01-11 08:32:05,26.11,26,1000.35,40
451,2022-01-11 08:32:16,26.12,26,1000.39,41
452,2022-01-11 08:32:26,26.12,26,1000.39,40
453,2022-01-11 08:32:36,26.12,26,1000.4,40
454,2022-01-11 08:32:46,26.12,26,1000.37,40
455,2022-01-11 08:32:57,26.12,26,1000.43,40
456,2022-01-11 08:33:07,26.13,26,1000.44,41
457,2022-01-11 08:33:17,26.13,26,1000.62,41
458,2022-01-11 08:33:28,26.12,26,1000.41,41
459,2022-01-11 08:33:38,26.12,26,1000.38,41
460,2022-01-11 08:33:48,26.14,26,1000.33,41
461,2022-01-11 08:33:58,26.14,26,1000.42,41
462,2022-01-11 08:34:09,26.14,26,1000.3,41
463,2022-01-11 08:34:19,26.14,26,1000.46,41
464,2022-01-11 08:34:29,26.13,26,1000.29,41
465,2022-01-11 08:34:40,26.12,26,1000.42,41
466,2022-01-11 08:34:50,26.12,26,1000.33,41
467,2022-01-11 08:35:00,26.11,26,1000.34,41
468,2022-01-11 08:35:10,26.11,26,1000.38,41
469,2022-01-11 08:35:21,26.12,26,1000.42,41
470,2022-01-11 08:35:31,26.13,26,1000.44,41
471,2022-01-11 08:35:41,26.13,26,1000.37,41
472,2022-01-11 08:35:52,26.14,26,1000.42,41
473,2022-01-11 08:36:02,26.13,26,1000.48,41
474,2022-01-11 08:36:12,26.14,26,1000.45,41
475,2022-01-11 08:36:23,26.13,26,1000.38,42
476,2022-01-11 08:36:33,26.12,26,1000.39,42
477,2022-01-11 08:36:43,26.12,26,1000.41,42
478,2022-01-11 08:36:53,26.13,26,1000.43,42
479,2022-01-11 08:37:04,26.13,26,1000.27,42
480,2022-01-11 08:37:14,26.13,26,1000.36,42
481,2022-01-11 08:37:24,26.14,26,1000.42,42
482,2022-01-11 08:37:35,26.15,26,1000.4,42
483,2022-01-11 08:37:45,26.15,26,1000.35,42
484,2022-01-11 08:37:55,26.15,26,1000.52,42
485,2022-01-11 08:38:05,26.15,26,1000.48,42
486,2022-01-11 08:38:16,26.15,26,1000.31,42
487,2022-01-11 08:38:26,26.16,26,1000.45,42
488,2022-01-11 08:38:36,26.16,26,1000.42,42
489,2022-01-11 08:38:47,26.16,26,1000.44,42
490,2022-01-11 08:38:57,26.17,26,1000.42,42
491,2022-01-11 08:39:07,26.16,26,1000.39,42
492,2022-01-11 08:39:17,26.16,26,1000.4,42
493,2022-01-11 08:39:28,26.18,26,1000.47,42
494,2022-01-11 08:39:38,26.17,26,1000.42,42
495,2022-01-11 08:39:48,26.16,26,1000.5,42
496,2022-01-11 08:39:59,26.16,26,1000.45,42
497,2022-01-11 08:40:09,26.16,26,1000.35,42
498,2022-01-11 08:40:19,26.17,26,1000.33,43
499,2022-01-11 08:40:29,26.17,26,1000.36,42
500,2022-01-11 08:40:40,26.17,26,1000.36,43
501,2022-01-11 08:40:50,26.17,26,1000.36,43
502,2022-01-11 08:41:00,26.17,26,1000.51,42
503,2022-01-11 08:41:11,26.16,26,1000.46,42
504,2022-01-11 08:41:21,26.16,26,1000.38,42
505,2022-01-11 08:41:31,26.15,26,1000.43,42
506,2022-01-11 08:41:41,26.14,26,1000.43,42
507,2022-01-11 08:41:52,26.14,26,1000.39,42
508,2022-01-11 08:42:02,26.14,26,1000.43,42
509,2022-01-11 08:42:12,26.14,26,1000.43,42
510,2022-01-11 08:42:23,26.13,26,1000.48,42
511,2022-01-11 08:42:33,26.12,26,1000.38,42
512,2022-01-11 08:42:43,26.11,26,1000.43,42
513,2022-01-11 08:42:53,26.12,26,1000.45,42
514,2022-01-11 08:43:04,26.11,26,1000.4,42
515,2022-01-11 08:43:14,26.11,26,1000.44,42
516,2022-01-11 08:43:24,26.12,26,1000.5,42
517,2022-01-11 08:43:35,26.12,26,1000.42,42
518,2022-01-11 08:43:45,26.12,26,1000.51,42
519,2022-01-11 08:43:55,26.12,26,1000.4,42
520,2022-01-11 08:44:05,26.12,26,1000.52,42
521,2022-01-11 08:44:16,26.12,26,1000.38,42
522,2022-01-11 08:44:26,26.12,26,1000.43,42
523,2022-01-11 08:44:36,26.13,26,1000.42,42
524,2022-01-11 08:44:47,26.14,26,1000.31,42
525,2022-01-11 08:44:57,26.13,26,1000.38,42
526,2022-01-11 08:45:07,26.14,26,1000.4,42
527,2022-01-11 08:45:17,26.12,26,1000.4,42
528,2022-01-11 08:45:28,26.12,26,1000.4,42
529,2022-01-11 08:45:38,26.14,26,1000.28,42
530,2022-01-11 08:45:48,26.15,26,1000.45,42
531,2022-01-11 08:45:59,26.19,26,1000.39,42
532,2022-01-11 08:46:09,26.2,26,1000.37,42
533,2022-01-11 08:46:19,26.2,26,1000.3,42
534,2022-01-11 08:46:30,26.2,26,1000.44,42
535,2022-01-11 08:46:40,26.21,26,1000.47,42
536,2022-01-11 08:46:50,26.21,26,1000.38,41
537,2022-01-11 08:47:00,26.22,26,1000.38,41
538,2022-01-11 08:47:11,26.24,26,1000.44,41
539,2022-01-11 08:47:21,26.25,26,1000.39,41
540,2022-01-11 08:47:36,26.26,26,1000.45,41
541,2022-01-11 08:49:06,26.33,26,1000.47,41
542,2022-01-11 08:50:36,26.41,26,1000.28,42
543,2022-01-11 08:52:07,26.47,27,1000.23,41
544,2022-01-11 08:53:37,26.46,27,1000.43,41
545,2022-01-11 08:55:07,26.48,27,1000.37,40
546,2022-01-11 08:56:38,26.46,27,1000.43,40
547,2022-01-11 08:58:08,26.52,27,1000.35,40
548,2022-01-11 08:59:38,26.58,27,1000.29,40
549,2022-01-11 09:01:09,26.59,27,1000.36,45
550,2022-01-11 09:02:39,26.62,27,1000.36,40
551,2022-01-11 09:04:10,26.64,27,1000.34,39
552,2022-01-11 09:05:40,26.61,27,1000.34,39
553,2022-01-11 09:07:10,26.64,27,1000.27,39
554,2022-01-11 09:08:41,26.68,27,1000.37,39
555,2022-01-11 09:10:11,26.7,27,1000.27,39
556,2022-01-11 09:11:41,26.74,27,1000.26,39
557,2022-01-11 09:13:12,26.77,27,1000.21,40
558,2022-01-11 09:14:42,26.79,27,1000.21,40
559,2022-01-11 09:16:12,26.8,27,1000.22,40
560,2022-01-11 09:17:43,26.8,27,1000.15,39
561,2022-01-11 09:19:13,26.83,27,1000.17,39
562,2022-01-11 09:20:44,26.87,27,1000.16,39
563,2022-01-11 09:22:14,26.89,27,1000.12,39
564,2022-01-11 09:23:44,26.88,27,1000.13,39
565,2022-01-11 09:25:15,26.84,27,1000.09,39
566,2022-01-11 09:26:45,26.8,27,1000.13,39
567,2022-01-11 09:28:15,26.74,27,1000.01,39
568,2022-01-11 09:29:46,26.74,27,1000.08,40
569,2022-01-11 09:31:16,26.73,27,1000.13,40
570,2022-01-11 09:32:46,26.82,27,1000.07,40
571,2022-01-11 09:34:16,26.84,27,1000.04,40
572,2022-01-11 09:35:47,26.84,27,1000.03,40
573,2022-01-11 09:37:17,26.82,27,1000.12,39
574,2022-01-11 09:38:47,26.85,27,1000.06,39
575,2022-01-11 09:40:18,26.88,27,1000.1,39
576,2022-01-11 09:41:48,26.92,27,1000.12,39
577,2022-01-11 09:43:18,26.94,27,1000.15,39
578,2022-01-11 09:44:49,26.98,27,1000.12,39
579,2022-01-11 09:46:19,26.97,27,1000.12,39
580,2022-01-11 09:47:49,26.96,27,1000.17,39
581,2022-01-11 09:49:20,26.95,27,1000.2,39
582,2022-01-11 09:50:50,26.91,27,1000.2,39
583,2022-01-11 09:52:20,26.93,27,1000.14,39
584,2022-01-11 09:53:51,26.97,27,1000.2,39
585,2022-01-11 09:55:21,27.03,27,1000.21,39
586,2022-01-11 09:56:51,27.0,27,1000.22,39
587,2022-01-11 09:58:22,27.02,27,1000.16,39
588,2022-01-11 09:59:52,27.07,27,1000.09,39
589,2022-01-11 10:01:22,27.12,27,1000.05,39
590,2022-01-11 10:02:53,27.17,27,1000.19,39
591,2022-01-11 10:04:23,27.18,27,1000.05,39
592,2022-01-11 10:05:53,27.15,27,1000.09,38
593,2022-01-11 10:07:24,27.16,27,1000.03,38
594,2022-01-11 10:08:54,27.2,27,1000.07,39
595,2022-01-11 10:10:25,27.2,27,1000.11,38
596,2022-01-11 10:11:55,27.18,27,1000.05,39
597,2022-01-11 10:13:25,27.22,27,1000.05,38
598,2022-01-11 10:14:56,27.21,27,999.92,38
599,2022-01-11 10:16:26,27.23,27,999.96,38
600,2022-01-11 10:17:56,27.19,27,1000.01,37
601,2022-01-11 10:19:27,27.22,27,1000.0,37
602,2022-01-11 10:20:57,27.21,27,999.94,37
603,2022-01-11 10:22:27,27.21,27,1000.04,37
604,2022-01-11 10:23:58,27.23,27,1000.07,36
605,2022-01-11 10:25:28,27.2,27,999.94,36
606,2022-01-11 10:26:58,27.19,27,999.89,36
607,2022-01-11 10:28:29,27.2,27,999.77,35
608,2022-01-11 10:29:59,27.2,27,999.86,35
609,2022-01-11 10:31:29,27.23,27,999.73,35
610,2022-01-11 10:33:00,27.2,27,999.8,35
611,2022-01-11 10:34:30,27.19,27,999.71,35
612,2022-01-11 10:36:01,27.19,27,999.7,35
613,2022-01-11 10:37:31,27.2,27,999.82,34
614,2022-01-11 10:39:01,27.21,27,999.77,34
615,2022-01-11 10:40:32,27.23,27,999.73,34
616,2022-01-11 10:42:02,27.25,27,999.65,34
617,2022-01-11 10:43:32,27.21,27,999.65,34
618,2022-01-11 10:45:03,27.24,27,999.7,33
619,2022-01-11 10:46:33,27.29,27,999.77,33
620,2022-01-11 10:48:03,27.36,27,999.79,33
621,2022-01-11 10:49:33,27.34,27,999.73,33
622,2022-01-11 10:51:04,27.38,27,999.6,33
623,2022-01-11 10:52:34,27.35,27,999.73,33
624,2022-01-11 10:54:05,27.34,27,999.73,33
625,2022-01-11 10:55:35,27.37,27,999.64,33
626,2022-01-11 10:57:05,27.37,27,999.72,33
627,2022-01-11 10:58:36,27.42,27,999.66,33
628,2022-01-11 11:00:06,27.42,27,999.7,33
629,2022-01-11 11:01:36,27.45,27,999.56,32
630,2022-01-11 11:03:07,27.46,27,999.72,33
631,2022-01-11 11:04:37,27.47,27,999.59,32
632,2022-01-11 11:06:07,27.44,27,999.68,33
633,2022-01-11 11:07:38,27.49,27,999.6,33
634,2022-01-11 11:09:08,27.55,27,999.59,33
635,2022-01-11 11:10:38,27.48,27,999.62,33
636,2022-01-11 11:12:09,27.44,27,999.63,33
637,2022-01-11 11:13:39,27.44,27,999.56,33
638,2022-01-11 11:15:09,27.44,27,999.68,33
639,2022-01-11 11:16:40,27.47,27,999.53,33
640,2022-01-11 11:18:10,27.52,27,999.62,34
641,2022-01-11 11:19:40,27.55,27,999.56,33
642,2022-01-11 11:21:11,27.53,27,999.53,34
643,2022-01-11 11:22:41,27.49,27,999.65,33
644,2022-01-11 11:24:11,27.5,27,999.43,34
645,2022-01-11 11:25:42,27.56,27,999.44,34
646,2022-01-11 11:27:12,27.59,28,999.58,35
647,2022-01-11 11:28:42,27.6,28,999.61,35
648,2022-01-11 11:30:13,27.6,28,999.56,35
649,2022-01-11 11:31:43,27.6,28,999.57,34
650,2022-01-11 11:33:13,27.58,28,999.53,34
651,2022-01-11 11:34:44,27.56,28,999.42,35
652,2022-01-11 11:36:14,27.64,27,999.46,34
653,2022-01-11 11:37:44,27.69,28,999.58,35
654,2022-01-11 11:39:15,27.72,28,999.35,34
655,2022-01-11 11:40:45,27.76,28,999.48,34
656,2022-01-11 11:42:15,27.76,28,999.44,34
657,2022-01-11 11:43:46,27.79,28,999.48,34
658,2022-01-11 16:05:46,27.8,27,998.67,49
659,2022-01-11 16:07:47,27.72,28,998.72,31
660,2022-01-11 16:09:47,27.64,28,998.67,31
661,2022-01-11 16:11:47,27.6,28,998.6,31
662,2022-01-11 16:13:48,27.54,28,998.5,31
663,2022-01-11 16:15:48,27.53,28,998.43,32
664,2022-01-11 16:17:48,27.49,28,998.59,32
665,2022-01-11 16:19:49,27.44,28,998.63,31
666,2022-01-11 16:21:49,27.48,28,998.62,31
667,2022-01-12 07:48:02,25.28,27,1009.37,31
668,2022-01-12 07:50:02,25.4,25,1009.34,37
669,2022-01-12 07:52:02,25.47,25,1009.31,37
670,2022-01-12 07:54:03,25.47,25,1009.26,37
671,2022-01-12 07:56:03,25.5,25,1009.32,37
672,2022-01-12 07:58:03,25.53,25,1009.33,37
673,2022-01-12 08:00:04,25.54,25,1009.28,37
674,2022-01-12 08:02:04,25.55,25,1009.27,38
675,2022-01-12 08:04:04,25.63,25,1009.31,38
676,2022-01-12 08:06:05,25.67,26,1009.41,41
677,2022-01-12 08:08:05,25.68,26,1009.29,42
678,2022-01-12 08:10:06,25.73,26,1009.27,42
679,2022-01-12 08:12:06,25.84,26,1009.23,42
680,2022-01-12 08:14:06,25.81,26,1009.28,41
681,2022-01-12 08:16:07,25.82,26,1009.38,40
682,2022-01-12 08:18:07,25.82,26,1009.21,40
683,2022-01-12 08:20:07,25.86,26,1009.28,40
684,2022-01-12 08:22:08,25.83,26,1009.32,40
685,2022-01-12 08:24:08,25.75,26,1009.27,40
686,2022-01-12 08:26:08,25.7,26,1009.19,40
687,2022-01-12 08:28:09,25.72,26,1009.24,41
688,2022-01-12 08:30:09,25.8,26,1009.36,41
689,2022-01-12 08:32:09,25.82,26,1009.34,41
690,2022-01-12 08:34:10,25.86,26,1009.4,40
691,2022-01-12 08:36:10,25.89,26,1009.42,41
692,2022-01-12 08:38:10,25.91,26,1009.34,41
693,2022-01-12 08:40:11,25.84,26,1009.33,40
694,2022-01-12 08:42:11,25.82,26,1009.38,41
695,2022-01-12 08:44:12,25.76,26,1009.51,41
696,2022-01-12 08:46:12,25.75,26,1009.47,42
697,2022-01-12 08:48:12,25.81,26,1009.38,42
698,2022-01-12 08:50:13,25.81,26,1009.49,42
699,2022-01-12 08:52:13,25.87,26,1009.61,42
700,2022-01-12 08:54:13,25.88,26,1009.5,42
701,2022-01-12 08:56:14,25.84,26,1009.48,43
702,2022-01-12 08:58:14,25.84,26,1009.5,42
703,2022-01-12 09:00:14,25.9,26,1009.57,42
704,2022-01-12 09:02:15,25.96,26,1009.62,41
705,2022-01-12 09:04:15,26.01,26,1009.61,41
706,2022-01-12 09:06:15,26.09,26,1009.54,41
707,2022-01-12 09:08:16,26.1,26,1009.53,40
708,2022-01-12 09:10:16,26.11,26,1009.46,40
709,2022-01-12 09:12:16,26.2,26,1009.59,40
710,2022-01-12 09:14:17,26.19,26,1009.67,39
711,2022-01-12 09:16:17,26.18,26,1009.61,39
712,2022-01-12 10:21:45,26.06,26,1009.64,39
713,2022-01-12 10:23:45,26.08,26,1009.61,35
714,2022-01-12 10:25:46,26.09,26,1009.53,35
715,2022-01-12 10:27:46,26.03,26,1009.63,35
716,2022-01-12 10:29:46,26.01,26,1009.65,35
717,2022-01-12 10:31:47,25.93,26,1009.71,35
718,2022-01-12 10:33:47,25.92,26,1009.69,36
719,2022-01-12 10:35:48,25.95,26,1009.67,36
720,2022-01-12 10:37:48,25.93,26,1009.64,35
721,2022-01-12 10:39:48,25.88,26,1009.66,36
722,2022-01-12 10:41:49,25.89,26,1009.63,36
723,2022-01-12 10:43:49,25.88,26,1009.65,36
724,2022-01-12 10:45:49,25.87,26,1009.6,36
725,2022-01-12 10:47:49,25.88,26,1009.73,36
726,2022-01-12 10:49:50,25.83,26,1009.7,36
727,2022-01-12 10:51:50,25.85,26,1009.65,36
728,2022-01-12 10:53:50,25.9,26,1009.67,36
729,2022-01-12 10:55:51,25.92,26,1009.59,36
730,2022-01-12 10:57:51,25.89,26,1009.53,36
731,2022-01-12 10:59:52,25.85,26,1009.55,36
732,2022-01-12 11:01:52,25.95,26,1009.68,37
733,2022-01-12 11:03:52,26.04,26,1009.5,37
734,2022-01-12 11:05:53,26.09,26,1009.51,36
735,2022-01-12 11:07:53,26.11,26,1009.57,36
736,2022-01-12 11:09:53,26.1,26,1009.47,36
737,2022-01-12 11:11:54,26.13,26,1009.44,36
738,2022-01-12 11:13:54,26.16,26,1009.58,36
739,2022-01-12 11:15:54,26.14,26,1009.38,36
740,2022-01-12 11:17:55,26.08,26,1009.44,36
741,2022-01-12 11:19:55,26.14,26,1009.41,36
742,2022-01-12 11:21:55,26.16,26,1009.48,36
743,2022-01-12 11:23:56,26.19,26,1009.44,36
744,2022-01-12 11:25:56,26.25,26,1009.52,36
745,2022-01-12 11:27:56,26.22,26,1009.62,36
746,2022-01-12 11:29:57,26.2,26,1009.4,36
747,2022-01-12 11:31:57,26.18,26,1009.6,36
748,2022-01-12 11:33:57,26.13,26,1009.61,36
749,2022-01-12 11:35:58,26.19,26,1009.52,36
750,2022-01-12 11:37:58,26.12,26,1009.46,36
751,2022-01-12 11:39:58,26.05,26,1009.42,36
752,2022-01-12 11:41:59,26.06,26,1009.41,36
753,2022-01-12 11:43:59,26.04,26,1009.35,35
754,2022-01-12 11:46:00,26.05,26,1009.32,35
755,2022-01-12 11:48:00,26.08,26,1009.32,35
756,2022-01-12 12:10:54,26.22,26,1009.04,35
757,2022-01-12 12:12:54,26.19,26,1009.05,35
758,2022-01-12 12:14:55,26.15,26,1008.97,36
759,2022-01-12 12:16:55,26.15,26,1008.91,36
760,2022-01-12 12:18:55,26.08,26,1008.86,36
761,2022-01-12 12:20:56,26.1,26,1008.88,36
762,2022-01-12 12:22:56,26.1,26,1008.77,36
763,2022-01-12 12:24:57,26.12,26,1008.84,36
764,2022-01-12 12:26:57,26.13,26,1008.81,36
765,2022-01-12 12:28:57,26.1,26,1008.73,36
766,2022-01-12 12:30:58,26.13,26,1008.72,36
767,2022-01-12 12:32:58,26.16,26,1008.7,36
768,2022-01-12 12:34:58,26.16,26,1008.69,36
769,2022-01-12 12:36:59,26.21,26,1008.72,36
770,2022-01-12 12:38:59,26.18,26,1008.71,36
771,2022-01-12 12:40:59,26.22,26,1008.63,36
772,2022-01-12 12:43:00,26.2,26,1008.62,36
773,2022-01-12 12:45:00,26.16,26,1008.53,36
774,2022-01-12 12:47:00,26.12,26,1008.63,36
775,2022-01-12 12:49:01,26.05,26,1008.6,36
776,2022-01-12 12:51:01,26.1,26,1008.58,36
777,2022-01-12 12:53:01,26.14,26,1008.5,36
778,2022-01-12 12:55:02,26.14,26,1008.54,37
779,2022-01-12 12:57:02,26.19,26,1008.62,36
780,2022-01-12 15:22:38,26.48,26,1007.66,36
781,2022-01-12 15:24:38,26.47,26,1007.64,35
782,2022-01-12 15:26:39,26.52,26,1007.68,34
783,2022-01-12 15:28:39,26.6,26,1007.64,34
784,2022-01-12 15:30:39,26.58,26,1007.7,34
785,2022-01-12 15:32:40,26.6,27,1007.78,34
786,2022-01-12 15:34:40,26.7,26,1007.58,34
787,2022-01-12 15:36:40,26.69,27,1007.51,34
788,2022-01-12 15:38:41,26.6,27,1007.63,34
789,2022-01-12 15:40:41,26.58,26,1007.72,34
790,2022-01-12 15:42:41,26.6,26,1007.78,34
791,2022-01-12 15:44:42,26.71,26,1007.6,34
792,2022-01-12 15:46:42,26.72,27,1007.58,34
793,2022-01-12 15:48:42,26.69,27,1007.57,34
794,2022-01-12 15:50:43,26.71,27,1007.59,34
795,2022-01-12 15:52:43,26.67,27,1007.63,34
796,2022-01-12 15:54:44,26.56,27,1007.67,34
797,2022-01-12 15:56:44,26.54,26,1007.62,34
798,2022-01-12 15:58:44,26.54,26,1007.77,34
799,2022-01-12 16:00:45,26.55,26,1007.56,35
800,2022-01-12 16:02:45,26.6,26,1007.6,34
801,2022-01-12 16:04:45,26.72,26,1007.55,35
802,2022-01-12 16:06:46,26.68,27,1007.53,34
803,2022-01-12 16:08:46,26.66,27,1007.55,34
804,2022-01-12 16:10:46,26.66,26,1007.49,34
805,2022-01-12 16:12:47,26.68,26,1007.58,34
806,2022-01-12 16:14:47,26.68,26,1007.43,34
807,2022-01-12 16:16:47,26.62,27,1007.58,34
808,2022-01-12 16:18:48,26.63,26,1007.64,34
809,2022-01-12 16:20:48,26.6,26,1007.64,34
810,2022-01-12 16:22:49,26.59,26,1007.67,34
811,2022-01-12 16:24:49,26.6,27,1007.65,34
812,2022-01-12 16:26:49,26.56,27,1007.69,34
813,2022-01-12 16:28:50,26.54,26,1007.68,34
814,2022-01-12 16:30:50,26.44,26,1007.68,35
815,2022-01-12 16:32:50,26.42,26,1007.56,34
816,2022-01-12 16:34:51,26.39,26,1007.73,35
817,2022-01-12 16:36:51,26.34,26,1007.69,35
818,2022-01-12 16:38:51,26.35,26,1007.77,35
819,2022-01-12 16:40:52,26.31,26,1007.77,35
820,2022-01-12 16:42:52,26.32,26,1007.79,35
821,2022-01-12 16:44:52,26.29,26,1007.69,35
822,2022-01-12 16:46:53,26.27,26,1007.66,35
823,2022-01-12 16:48:53,26.24,26,1007.67,35
824,2022-01-12 16:50:54,26.26,26,1007.81,35
825,2022-01-12 16:52:54,26.22,26,1007.7,35
826,2022-01-12 16:54:54,26.21,26,1007.71,35
827,2022-01-12 16:56:55,26.2,26,1007.71,35
828,2022-01-12 16:58:55,26.2,26,1007.86,35
829,2022-01-12 17:00:55,26.2,26,1007.81,35
830,2022-01-12 17:02:56,26.14,26,1007.84,35
831,2022-01-12 17:04:56,26.12,26,1007.88,35
832,2022-01-12 17:06:56,26.12,26,1007.85,35
833,2022-01-12 17:08:57,26.09,26,1007.88,35
834,2022-01-12 17:10:57,26.08,26,1007.89,35
835,2022-01-12 17:12:58,26.04,26,1007.89,35
836,2022-01-12 17:14:58,26.04,26,1007.97,35
837,2022-01-12 17:16:58,26.01,26,1007.89,35
838,2022-01-12 17:18:59,26.01,26,1007.9,35
839,2022-01-12 17:20:59,26.05,26,1007.92,35
840,2022-01-12 17:22:59,25.97,26,1007.84,34
841,2022-01-12 17:25:00,25.97,26,1007.82,34
842,2022-01-12 17:27:00,25.98,26,1007.85,34
843,2022-01-12 17:29:00,25.94,26,1007.82,34
844,2022-01-12 17:31:01,25.93,26,1007.78,34
845,2022-01-12 17:33:01,25.9,26,1007.99,34
846,2022-01-12 17:35:01,25.87,26,1007.91,34
847,2022-01-12 17:37:02,25.89,26,1007.96,34
848,2022-01-12 17:39:02,25.86,26,1007.95,34
849,2022-01-12 17:41:02,25.86,26,1007.92,34
850,2022-01-12 17:43:03,25.88,26,1008.02,34
851,2022-01-12 17:45:03,25.82,26,1007.99,34
852,2022-01-12 17:47:03,25.79,26,1008.19,34
853,2022-01-12 17:49:04,25.8,26,1008.11,34
854,2022-01-12 17:51:04,25.79,26,1008.13,34
855,2022-01-12 17:53:04,25.79,26,1008.11,34
856,2022-01-12 17:55:05,25.79,26,1008.22,34
857,2022-01-12 17:57:05,25.76,26,1008.09,34
858,2022-01-12 17:59:05,25.76,26,1008.24,34
859,2022-01-12 18:01:06,25.74,26,1008.36,34
860,2022-01-12 18:03:06,25.72,26,1008.32,34
861,2022-01-12 18:05:06,25.7,26,1008.35,34
862,2022-01-12 18:07:07,25.7,26,1008.38,34
863,2022-01-12 18:09:07,25.69,26,1008.4,34
864,2022-01-12 18:11:08,25.68,26,1008.4,34
865,2022-01-12 18:13:08,25.65,26,1008.42,34
866,2022-01-12 18:15:08,25.66,26,1008.44,34
867,2022-01-12 18:17:09,25.61,26,1008.48,34
868,2022-01-12 18:19:09,25.61,25,1008.48,33
869,2022-01-12 18:21:09,25.6,26,1008.58,34
870,2022-01-12 18:23:10,25.6,25,1008.69,33
871,2022-01-12 18:25:10,25.56,25,1008.61,33
872,2022-01-12 18:27:10,25.53,25,1008.54,33
873,2022-01-12 18:29:11,25.56,25,1008.59,33
874,2022-01-12 18:31:11,25.55,25,1008.56,33
875,2022-01-12 18:33:11,25.54,25,1008.68,33
876,2022-01-12 18:35:12,25.52,25,1008.77,33
877,2022-01-12 18:37:12,25.49,25,1008.61,33
878,2022-01-12 18:39:12,25.52,25,1008.73,33
879,2022-01-12 18:41:13,25.47,25,1008.72,33
880,2022-01-12 18:43:13,25.46,25,1008.86,33
881,2022-01-12 18:45:14,25.46,25,1008.72,33
882,2022-01-12 18:47:14,25.44,25,1008.74,33
883,2022-01-12 18:49:14,25.44,25,1008.95,33
884,2022-01-12 18:51:15,25.41,25,1008.84,33
885,2022-01-12 18:53:15,25.37,25,1008.88,33
886,2022-01-12 18:55:15,25.37,25,1008.95,33
887,2022-01-12 18:57:16,25.36,25,1008.9,33
888,2022-01-12 18:59:16,25.35,25,1008.97,33
889,2022-01-12 19:01:16,25.36,25,1008.97,33
890,2022-01-12 19:03:17,25.42,25,1008.98,33
891,2022-01-12 19:05:17,25.41,25,1008.99,34
892,2022-01-12 19:07:17,25.46,25,1008.99,34
893,2022-01-12 19:09:18,25.46,25,1008.97,34
894,2022-01-12 19:11:18,25.46,25,1009.08,34
895,2022-01-12 19:13:19,25.49,25,1009.09,34
896,2022-01-12 19:15:19,25.49,25,1009.05,34
897,2022-01-12 19:17:19,25.48,25,1008.93,34
898,2022-01-12 19:19:19,25.48,25,1008.98,34
899,2022-01-12 19:21:20,25.47,25,1009.0,35
900,2022-01-12 19:23:20,25.43,25,1009.15,35
901,2022-01-12 19:25:20,25.52,25,1009.15,35
902,2022-01-12 19:27:21,25.51,25,1009.16,35
903,2022-01-12 19:29:21,25.5,25,1009.13,35
904,2022-01-12 19:31:21,25.51,25,1009.31,35
905,2022-01-12 19:33:22,25.51,25,1009.32,36
906,2022-01-12 19:35:22,25.51,25,1009.31,36
907,2022-01-12 19:37:22,25.55,25,1009.3,36
908,2022-01-12 19:39:23,25.48,25,1009.32,36
909,2022-01-12 19:41:23,25.52,25,1009.32,36
910,2022-01-12 19:43:23,25.52,25,1009.28,36
911,2022-01-12 19:45:24,25.52,25,1009.32,36
912,2022-01-12 19:47:24,25.52,25,1009.22,36
913,2022-01-12 19:49:25,25.5,25,1009.3,36
914,2022-01-12 19:51:25,25.49,25,1009.28,37
915,2022-01-12 19:53:25,25.46,25,1009.32,36
916,2022-01-12 19:55:26,25.44,25,1009.32,36
917,2022-01-12 19:57:26,25.44,25,1009.36,36
918,2022-01-12 19:59:26,25.43,25,1009.36,36
919,2022-01-12 20:01:27,25.43,25,1009.31,36
920,2022-01-12 20:03:27,25.47,25,1009.43,36
921,2022-01-12 20:05:27,25.49,25,1009.43,36
922,2022-01-12 20:07:28,25.48,25,1009.42,36
923,2022-01-12 20:09:28,25.45,25,1009.48,36
924,2022-01-12 20:11:28,25.47,25,1009.49,37
925,2022-01-12 20:13:28,25.49,25,1009.63,37
926,2022-01-12 20:15:29,25.47,25,1009.55,37
927,2022-01-12 20:17:29,25.47,25,1009.5,37
928,2022-01-12 20:19:29,25.48,25,1009.58,37
929,2022-01-12 20:21:30,25.44,25,1009.49,37
930,2022-01-12 20:23:30,25.45,25,1009.7,37
931,2022-01-12 20:25:30,25.44,25,1009.65,37
932,2022-01-12 20:27:31,25.44,25,1009.64,37
933,2022-01-12 20:29:31,25.44,25,1009.82,37
934,2022-01-12 20:31:32,25.43,25,1009.69,37
935,2022-01-12 20:33:32,25.41,25,1009.59,37
936,2022-01-12 20:35:32,25.4,25,1009.69,37
937,2022-01-12 20:37:33,25.39,25,1009.67,37
938,2022-01-12 20:39:33,25.41,25,1009.77,37
939,2022-01-12 20:41:33,25.41,25,1009.65,38
940,2022-01-12 20:43:34,25.44,25,1009.65,37
941,2022-01-12 20:45:34,25.46,25,1009.51,37
942,2022-01-12 20:47:34,25.45,25,1009.6,37
943,2022-01-12 20:49:35,25.43,25,1009.53,38
944,2022-01-12 20:51:35,25.44,25,1009.51,38
945,2022-01-12 20:53:35,25.44,25,1009.66,38
946,2022-01-12 20:55:36,25.42,25,1009.7,38
947,2022-01-12 20:57:36,25.36,25,1009.74,37
948,2022-01-12 20:59:36,25.39,25,1009.81,37
949,2022-01-12 21:01:37,25.41,25,1009.78,38
950,2022-01-12 21:03:37,25.38,25,1009.69,37
951,2022-01-12 21:05:37,25.4,25,1009.8,37
952,2022-01-12 21:07:38,25.42,25,1009.85,37
953,2022-01-12 21:09:38,25.42,25,1009.84,38
954,2022-01-12 21:11:38,25.4,25,1009.94,38
955,2022-01-12 21:13:39,25.42,25,1010.11,38
956,2022-01-12 21:15:39,25.42,25,1009.87,38
957,2022-01-12 21:17:39,25.36,25,1009.82,38
958,2022-01-12 21:19:40,25.41,25,1009.8,38
959,2022-01-12 21:21:40,25.4,25,1009.85,38
960,2022-01-12 21:23:40,25.4,25,1009.82,38
961,2022-01-12 21:25:41,25.36,25,1009.99,38
962,2022-01-12 21:27:41,25.36,25,1009.94,38
963,2022-01-12 21:29:42,25.37,25,1009.96,38
964,2022-01-12 21:31:42,25.38,25,1009.96,38
965,2022-01-12 21:33:42,25.36,25,1009.81,38
966,2022-01-12 21:35:43,25.37,25,1009.92,38
967,2022-01-12 21:37:43,25.36,25,1010.0,39
968,2022-01-12 21:39:43,25.36,25,1010.04,39
969,2022-01-12 21:41:44,25.34,25,1009.91,39
970,2022-01-12 21:43:44,25.36,25,1009.92,39
971,2022-01-12 21:45:44,25.36,25,1009.82,39
972,2022-01-12 21:47:45,25.36,25,1009.89,39
973,2022-01-12 21:49:45,25.38,25,1009.75,39
974,2022-01-12 21:51:45,25.36,25,1009.83,39
975,2022-01-12 21:53:46,25.33,25,1010.01,38
976,2022-01-12 21:55:46,25.33,25,1009.91,38
977,2022-01-12 21:57:46,25.34,25,1009.97,38
978,2022-01-12 21:59:47,25.38,25,1009.76,38
979,2022-01-12 22:01:47,25.37,25,1009.83,38
980,2022-01-12 22:03:48,25.32,25,1009.91,38
981,2022-01-12 22:05:48,25.35,25,1009.94,38
982,2022-01-12 22:07:48,25.35,25,1009.81,38
983,2022-01-12 22:09:49,25.36,25,1009.98,39
984,2022-01-12 22:11:49,25.32,25,1009.91,39
985,2022-01-12 22:13:49,25.36,25,1009.87,39
986,2022-01-12 22:15:50,25.36,25,1009.97,39
987,2022-01-12 22:17:50,25.34,25,1009.9,39
988,2022-01-12 22:19:50,25.36,25,1009.8,39
989,2022-01-12 22:21:51,25.33,25,1009.75,39
990,2022-01-12 22:23:51,25.32,25,1009.78,38
991,2022-01-12 22:25:52,25.3,25,1009.69,38
992,2022-01-12 22:27:52,25.32,25,1009.72,38
993,2022-01-12 22:29:52,25.32,25,1009.67,39
994,2022-01-12 22:31:53,25.29,25,1009.64,39
995,2022-01-12 22:33:53,25.29,25,1009.68,38
996,2022-01-12 22:35:53,25.29,25,1009.65,39
997,2022-01-12 22:37:53,25.29,25,1009.78,39
998,2022-01-12 22:39:54,25.3,25,1009.68,39
999,2022-01-12 22:41:54,25.3,25,1009.82,39
1000,2022-01-12 22:43:54,25.35,25,1009.65,39
1001,2022-01-12 22:45:55,25.34,25,1009.74,39
1002,2022-01-12 22:47:55,25.33,25,1009.85,39
1003,2022-01-12 22:49:55,25.34,25,1009.74,39
1004,2022-01-12 22:51:56,25.32,25,1009.87,39
1005,2022-01-12 22:53:56,25.3,25,1009.78,39
1006,2022-01-12 22:55:57,25.32,25,1009.83,38
1007,2022-01-12 22:57:57,25.31,25,1009.75,38
1008,2022-01-12 22:59:57,25.29,25,1009.8,38
1009,2022-01-12 23:01:58,25.29,25,1009.82,39
1010,2022-01-12 23:03:58,25.28,25,1009.76,39
1011,2022-01-12 23:05:58,25.28,25,1009.78,39
1012,2022-01-12 23:07:59,25.28,25,1009.69,39
1013,2022-01-12 23:09:59,25.3,25,1009.78,39
1014,2022-01-12 23:11:59,25.28,25,1009.62,39
1015,2022-01-12 23:14:00,25.28,25,1009.72,39
1016,2022-01-12 23:16:00,25.3,25,1009.74,39
1017,2022-01-12 23:18:00,25.25,25,1009.6,39
1018,2022-01-12 23:20:01,25.22,25,1009.65,39
1019,2022-01-12 23:22:01,25.25,25,1009.62,39
1020,2022-01-12 23:24:01,25.25,25,1009.61,39
1021,2022-01-12 23:26:02,25.24,25,1009.61,39
1022,2022-01-12 23:28:02,25.26,25,1009.49,39
1023,2022-01-12 23:30:02,25.26,25,1009.57,39
1024,2022-01-12 23:32:02,25.26,25,1009.55,39
1025,2022-01-12 23:34:03,25.22,25,1009.56,39
1026,2022-01-12 23:36:03,25.24,25,1009.52,39
1027,2022-01-12 23:38:03,25.25,25,1009.55,39
1028,2022-01-12 23:40:04,25.24,25,1009.54,39
1029,2022-01-12 23:42:04,25.23,25,1009.65,39
1030,2022-01-12 23:44:05,25.24,25,1009.57,39
1031,2022-01-12 23:46:05,25.2,25,1009.47,39
1032,2022-01-12 23:48:05,25.2,25,1009.34,39
1033,2022-01-12 23:50:06,25.23,25,1009.34,39
1034,2022-01-12 23:52:06,25.24,25,1009.34,39
1035,2022-01-12 23:54:06,25.24,25,1009.32,39
1036,2022-01-12 23:56:07,25.22,25,1009.24,39
1037,2022-01-12 23:58:07,25.24,25,1009.24,39
1038,2022-01-13 00:00:07,25.2,25,1009.17,39
1039,2022-01-13 00:02:08,25.2,25,1009.17,39
1040,2022-01-13 00:04:08,25.2,25,1009.17,39
1041,2022-01-13 00:06:08,25.2,25,1009.09,39
1042,2022-01-13 00:08:09,25.22,25,1009.05,39
1043,2022-01-13 00:10:09,25.24,25,1008.99,39
1044,2022-01-13 00:12:09,25.19,25,1009.08,39
1045,2022-01-13 00:14:10,25.21,25,1009.04,39
1046,2022-01-13 00:16:10,25.18,25,1008.93,39
1047,2022-01-13 00:18:10,25.18,25,1008.88,39
1048,2022-01-13 00:20:11,25.15,25,1008.82,39
1049,2022-01-13 00:22:11,25.17,25,1008.74,39
1050,2022-01-13 00:24:11,25.21,25,1008.86,39
1051,2022-01-13 00:26:12,25.19,25,1008.8,39
1052,2022-01-13 00:28:12,25.17,25,1008.71,39
1053,2022-01-13 00:30:12,25.16,25,1008.72,39
1054,2022-01-13 00:32:13,25.17,25,1008.61,39
1055,2022-01-13 00:34:13,25.13,25,1008.71,39
1056,2022-01-13 00:36:13,25.17,25,1008.55,39
1057,2022-01-13 00:38:14,25.16,25,1008.6,39
1058,2022-01-13 00:40:14,25.21,25,1008.62,39
1059,2022-01-13 00:42:15,25.16,25,1008.63,39
1060,2022-01-13 00:44:15,25.16,25,1008.49,39
1061,2022-01-13 00:46:15,25.16,25,1008.45,39
1062,2022-01-13 00:48:16,25.19,25,1008.34,39
1063,2022-01-13 00:50:16,25.15,25,1008.29,39
1064,2022-01-13 00:52:16,25.15,25,1008.32,39
1065,2022-01-13 00:54:17,25.16,25,1008.24,39
1066,2022-01-13 00:56:17,25.14,25,1008.24,39
1067,2022-01-13 00:58:18,25.11,25,1008.21,39
1068,2022-01-13 01:00:18,25.16,25,1008.2,39
1069,2022-01-13 01:02:18,25.16,25,1008.16,39
1070,2022-01-13 01:04:19,25.13,25,1008.16,39
1071,2022-01-13 01:06:19,25.16,25,1008.05,39
1072,2022-01-13 01:08:19,25.14,25,1008.03,40
1073,2022-01-13 01:10:20,25.15,25,1008.11,39
1074,2022-01-13 01:12:20,25.1,25,1008.09,40
1075,2022-01-13 01:14:20,25.13,25,1008.02,40
1076,2022-01-13 01:16:21,25.12,25,1008.06,39
1077,2022-01-13 01:18:21,25.11,25,1008.03,39
1078,2022-01-13 01:20:21,25.1,25,1007.99,39
1079,2022-01-13 01:22:22,25.09,25,1008.07,39
1080,2022-01-13 01:24:22,25.11,25,1007.99,39
1081,2022-01-13 01:26:22,25.1,25,1007.94,39
1082,2022-01-13 01:28:23,25.12,25,1007.93,39
1083,2022-01-13 01:30:23,25.11,25,1007.93,39
1084,2022-01-13 01:32:23,25.11,25,1007.98,39
1085,2022-01-13 01:34:24,25.09,25,1007.75,39
1086,2022-01-13 01:36:24,25.09,25,1007.88,39
1087,2022-01-13 01:38:25,25.09,25,1007.78,40
1088,2022-01-13 01:40:25,25.1,25,1007.77,40
1089,2022-01-13 01:42:25,25.08,25,1007.91,40
1090,2022-01-13 01:44:26,25.08,25,1007.86,40
1091,2022-01-13 01:46:26,25.08,25,1007.73,39
1092,2022-01-13 01:48:26,25.04,25,1007.93,39
1093,2022-01-13 01:50:27,25.07,25,1007.83,39
1094,2022-01-13 01:52:27,25.11,25,1007.78,39
1095,2022-01-13 01:54:27,25.12,25,1007.74,39
1096,2022-01-13 01:56:28,25.06,25,1007.85,39
1097,2022-01-13 01:58:28,25.05,25,1007.75,39
1098,2022-01-13 02:00:28,25.06,25,1007.86,39
1099,2022-01-13 02:02:29,25.06,25,1007.86,39
1100,2022-01-13 02:04:29,25.07,25,1007.89,39
1101,2022-01-13 02:06:30,25.07,25,1007.95,40
1102,2022-01-13 02:08:30,25.06,25,1007.7,40
1103,2022-01-13 02:10:30,25.08,25,1007.59,40
1104,2022-01-13 02:12:30,25.11,25,1007.69,39
1105,2022-01-13 02:14:31,25.08,25,1007.81,39
1106,2022-01-13 02:16:31,25.07,25,1007.84,39
1107,2022-01-13 02:18:32,25.09,25,1007.67,40
1108,2022-01-13 02:20:32,25.06,25,1007.7,40
1109,2022-01-13 02:22:32,25.08,25,1007.67,40
1110,2022-01-13 02:24:33,25.07,25,1007.66,39
1111,2022-01-13 02:26:33,25.04,25,1007.67,39
1112,2022-01-13 02:28:33,25.07,25,1007.58,39
1113,2022-01-13 02:30:34,25.08,25,1007.64,39
1114,2022-01-13 02:32:34,25.08,25,1007.61,39
1115,2022-01-13 02:34:35,25.08,25,1007.51,39
1116,2022-01-13 02:36:35,25.04,25,1007.51,39
1117,2022-01-13 02:38:35,25.05,25,1007.53,39
1118,2022-01-13 02:40:35,25.08,25,1007.54,40
1119,2022-01-13 02:42:36,25.06,25,1007.51,39
1120,2022-01-13 02:44:36,25.06,25,1007.44,39
1121,2022-01-13 02:46:36,25.01,25,1007.57,40
1122,2022-01-13 02:48:37,25.03,25,1007.38,40
1123,2022-01-13 02:50:37,25.0,25,1007.35,39
1124,2022-01-13 02:52:37,25.0,25,1007.47,39
1125,2022-01-13 02:54:38,25.02,25,1007.32,39
1126,2022-01-13 02:56:38,25.04,25,1007.24,39
1127,2022-01-13 02:58:38,25.03,25,1007.28,39
1128,2022-01-13 03:00:39,25.05,25,1007.33,39
1129,2022-01-13 03:02:39,25.02,25,1007.32,39
1130,2022-01-13 03:04:40,25.01,25,1007.32,39
1131,2022-01-13 03:06:40,25.04,25,1007.26,39
1132,2022-01-13 03:08:40,25.04,25,1007.4,39
1133,2022-01-13 03:10:41,25.07,25,1007.3,39
1134,2022-01-13 03:12:41,25.06,25,1007.37,40
1135,2022-01-13 03:14:41,25.05,25,1007.26,39
1136,2022-01-13 03:16:42,25.04,25,1007.21,40
1137,2022-01-13 03:18:42,25.03,25,1007.21,39
1138,2022-01-13 03:20:42,25.05,25,1007.3,40
1139,2022-01-13 03:22:43,25.03,25,1007.22,40
1140,2022-01-13 03:24:43,25.04,25,1007.32,40
1141,2022-01-13 03:26:43,25.05,25,1007.18,40
1142,2022-01-13 03:28:44,25.02,25,1007.27,40
1143,2022-01-13 03:30:44,24.99,25,1007.2,39
1144,2022-01-13 03:32:45,25.0,25,1007.22,39
1145,2022-01-13 03:34:45,25.01,25,1007.24,39
1146,2022-01-13 03:36:45,25.01,25,1007.28,39
1147,2022-01-13 03:38:46,25.02,25,1007.27,39
1148,2022-01-13 03:40:46,25.03,25,1007.26,40
1149,2022-01-13 03:42:46,24.99,25,1007.26,40
1150,2022-01-13 03:44:47,24.97,25,1007.35,40
1151,2022-01-13 03:46:47,25.03,25,1007.35,40
1152,2022-01-13 03:48:47,25.04,25,1007.3,40
1153,2022-01-13 03:50:48,25.04,25,1007.26,40
1154,2022-01-13 03:52:48,25.04,25,1007.26,40
1155,2022-01-13 03:54:49,25.02,25,1007.19,40
1156,2022-01-13 03:56:49,25.01,25,1007.28,39
1157,2022-01-13 03:58:49,24.98,25,1007.22,39
1158,2022-01-13 04:00:50,25.0,25,1007.38,39
1159,2022-01-13 04:02:50,25.02,25,1007.27,39
1160,2022-01-13 04:04:50,24.99,25,1007.39,39
1161,2022-01-13 04:06:51,24.99,25,1007.24,40
1162,2022-01-13 04:08:51,24.99,25,1007.19,40
1163,2022-01-13 04:10:51,25.0,25,1007.31,40
1164,2022-01-13 04:12:52,24.99,25,1007.32,40
1165,2022-01-13 04:14:52,25.01,25,1007.28,40
1166,2022-01-13 04:16:52,25.0,25,1007.37,40
1167,2022-01-13 04:18:53,24.98,25,1007.39,40
1168,2022-01-13 04:20:53,25.0,25,1007.32,40
1169,2022-01-13 04:22:53,25.02,25,1007.36,40
1170,2022-01-13 04:24:54,25.0,25,1007.37,40
1171,2022-01-13 04:26:54,25.0,25,1007.23,40
1172,2022-01-13 04:28:54,25.04,25,1007.28,40
1173,2022-01-13 04:30:55,25.04,25,1007.31,40
1174,2022-01-13 04:32:55,25.0,25,1007.3,40
1175,2022-01-13 04:34:56,24.99,25,1007.35,40
1176,2022-01-13 04:36:56,24.98,25,1007.26,40
1177,2022-01-13 04:38:56,24.97,25,1007.2,40
1178,2022-01-13 04:40:57,25.0,25,1007.2,40
1179,2022-01-13 04:42:57,24.96,25,1007.24,40
1180,2022-01-13 04:44:57,24.99,25,1007.28,40
1181,2022-01-13 04:46:58,24.98,25,1007.26,40
1182,2022-01-13 04:48:58,24.96,25,1007.28,40
1183,2022-01-13 04:50:59,24.98,25,1007.3,40
1184,2022-01-13 04:52:59,24.96,25,1007.24,40
1185,2022-01-13 04:54:59,24.98,25,1007.35,40
1186,2022-01-13 04:57:00,24.99,25,1007.28,40
1187,2022-01-13 04:59:00,24.99,25,1007.22,40
1188,2022-01-13 05:01:00,24.97,25,1007.32,40
1189,2022-01-13 05:03:01,24.99,25,1007.18,40
1190,2022-01-13 05:05:01,25.0,25,1007.24,40
1191,2022-01-13 05:07:01,25.01,25,1007.23,40
1192,2022-01-13 05:09:02,24.97,25,1007.23,40
1193,2022-01-13 05:11:02,24.93,25,1007.24,39
1194,2022-01-13 05:13:02,24.95,25,1007.37,40
1195,2022-01-13 05:15:03,24.96,25,1007.23,40
1196,2022-01-13 05:17:03,24.95,25,1007.24,39
1197,2022-01-13 05:19:04,24.92,25,1007.28,40
1198,2022-01-13 05:21:04,24.96,25,1007.32,40
1199,2022-01-13 05:23:04,24.97,25,1007.3,40
1200,2022-01-13 05:25:05,24.94,25,1007.32,40
1201,2022-01-13 05:27:05,24.96,25,1007.16,40
1202,2022-01-13 05:29:05,24.97,25,1007.25,40
1203,2022-01-13 05:31:06,24.95,25,1007.16,40
1204,2022-01-13 05:33:06,24.95,25,1007.31,40
1205,2022-01-13 05:35:06,24.92,25,1007.28,40
1206,2022-01-13 05:37:07,24.97,25,1007.3,40
1207,2022-01-13 05:39:07,24.96,25,1007.34,40
1208,2022-01-13 05:41:07,24.96,25,1007.3,40
1209,2022-01-13 05:43:08,24.95,25,1007.39,39
1210,2022-01-13 05:45:08,24.96,25,1007.45,40
1211,2022-01-13 05:47:08,24.97,25,1007.41,39
1212,2022-01-13 05:49:09,24.93,25,1007.48,40
1213,2022-01-13 05:51:09,24.93,25,1007.48,40
1214,2022-01-13 05:53:10,24.88,25,1007.44,40
1215,2022-01-13 05:55:10,24.94,25,1007.51,40
1216,2022-01-13 05:57:10,24.92,25,1007.63,40
1217,2022-01-13 05:59:11,24.95,25,1007.62,40
1218,2022-01-13 06:01:11,24.92,25,1007.68,40
1219,2022-01-13 06:03:11,24.96,25,1007.54,40
1220,2022-01-13 06:05:12,24.95,25,1007.5,40
1221,2022-01-13 06:07:12,24.96,25,1007.63,40
1222,2022-01-13 06:09:13,24.96,25,1007.66,40
1223,2022-01-13 06:11:13,24.99,25,1007.55,40
1224,2022-01-13 06:13:13,24.97,25,1007.63,40
1225,2022-01-13 06:15:14,24.92,25,1007.57,40
1226,2022-01-13 06:17:14,24.9,25,1007.63,39
1227,2022-01-13 06:19:14,24.92,25,1007.71,40
1228,2022-01-13 06:21:15,24.95,25,1007.82,40
1229,2022-01-13 06:23:15,24.96,25,1007.63,40
1230,2022-01-13 06:25:15,24.96,25,1007.72,40
1231,2022-01-13 06:27:16,24.97,25,1007.7,40
1232,2022-01-13 06:29:16,24.99,25,1007.68,40
1233,2022-01-13 06:31:16,24.97,25,1007.68,40
1234,2022-01-13 06:33:17,24.98,25,1007.7,40
1235,2022-01-13 06:35:17,25.0,25,1007.75,40
1236,2022-01-13 06:37:17,24.96,25,1007.79,40
1237,2022-01-13 06:39:18,24.99,25,1007.77,40
1238,2022-01-13 06:41:18,24.98,25,1007.77,40
1239,2022-01-13 06:43:19,25.0,25,1007.89,40
1240,2022-01-13 06:45:19,25.04,25,1007.87,40
1241,2022-01-13 06:47:19,25.01,25,1007.91,40
1242,2022-01-13 06:49:19,25.0,25,1007.89,40
1243,2022-01-13 06:51:20,24.96,25,1007.97,40
1244,2022-01-13 06:53:20,24.98,25,1007.9,40
1245,2022-01-13 06:55:21,25.0,25,1007.87,40
1246,2022-01-13 06:57:21,24.99,25,1007.97,40
1247,2022-01-13 06:59:21,24.94,25,1007.97,40
1248,2022-01-13 07:01:22,24.92,25,1008.09,40
1249,2022-01-13 07:03:22,24.89,25,1007.99,40
1250,2022-01-13 07:05:22,24.85,25,1008.0,39
1251,2022-01-13 07:07:23,24.81,25,1007.99,39
1252,2022-01-13 07:09:23,24.84,25,1008.1,39
1253,2022-01-13 07:11:23,24.82,25,1008.05,38
1254,2022-01-13 07:13:24,24.85,25,1008.1,38
1255,2022-01-13 07:15:24,24.8,25,1008.07,38
1256,2022-01-13 07:17:24,24.81,25,1008.0,38
1257,2022-01-13 07:19:25,24.8,25,1008.12,38
1258,2022-01-13 07:21:25,24.8,25,1007.99,38
1259,2022-01-13 07:23:26,24.84,25,1008.06,37
1260,2022-01-13 07:25:26,24.84,25,1008.02,37
1261,2022-01-13 07:27:26,24.84,25,1007.99,37
1262,2022-01-13 07:29:26,24.85,25,1008.11,36
1263,2022-01-13 07:31:27,24.88,25,1008.18,36
1264,2022-01-13 07:33:27,24.93,25,1008.26,37
1265,2022-01-13 07:35:28,24.92,25,1008.16,37
1266,2022-01-13 07:37:28,24.96,25,1008.14,37
1267,2022-01-13 07:39:28,24.91,25,1008.16,37
1268,2022-01-13 07:41:29,24.85,25,1008.17,37
1269,2022-01-13 07:43:29,24.86,25,1008.18,36
1270,2022-01-13 07:45:29,24.9,25,1008.26,36
1271,2022-01-13 07:47:30,24.94,25,1008.15,36
1272,2022-01-13 07:49:30,24.99,25,1008.11,37
1273,2022-01-13 07:51:31,24.98,25,1008.08,36
1274,2022-01-13 07:53:31,24.97,25,1008.03,36
1275,2022-01-13 07:55:31,25.04,25,1007.97,36
1276,2022-01-13 07:57:32,25.04,25,1008.05,36
1277,2022-01-13 07:59:32,25.09,25,1008.03,37
1278,2022-01-13 08:01:32,25.13,25,1008.03,37
1279,2022-01-13 08:03:33,25.08,25,1008.03,37
1280,2022-01-13 08:05:33,25.11,25,1007.97,36
1281,2022-01-13 08:07:33,25.16,25,1008.11,37
1282,2022-01-13 08:09:34,25.22,25,1008.07,38
1283,2022-01-13 08:11:34,25.19,25,1007.99,38
1284,2022-01-13 08:13:34,25.22,25,1008.07,38
1285,2022-01-13 08:15:35,25.29,25,1008.07,39
1286,2022-01-13 08:17:35,25.29,25,1007.99,41
1287,2022-01-13 08:19:35,25.36,25,1007.99,40
1288,2022-01-13 08:21:36,25.4,25,1007.94,39
1289,2022-01-13 08:23:36,25.35,25,1008.08,39
1290,2022-01-13 08:25:36,25.4,25,1007.97,39
1291,2022-01-13 08:27:37,25.46,25,1008.03,39
1292,2022-01-13 08:29:37,25.5,25,1008.07,38
1293,2022-01-13 08:31:37,25.46,25,1008.03,38
1294,2022-01-13 08:33:38,25.44,25,1007.93,38
1295,2022-01-13 08:35:38,25.52,25,1007.95,38
1296,2022-01-13 08:37:39,25.52,25,1007.94,38
1297,2022-01-13 08:39:39,25.56,25,1008.05,38
1298,2022-01-13 08:41:39,25.64,25,1008.01,38
1299,2022-01-13 08:43:39,25.62,25,1007.9,37
1300,2022-01-13 08:45:40,25.62,26,1007.92,38
1301,2022-01-13 08:47:40,25.65,26,1007.81,38
1302,2022-01-13 08:49:41,25.68,25,1007.75,38
1303,2022-01-13 08:51:41,25.71,26,1007.85,39
1304,2022-01-13 08:53:41,25.69,26,1007.84,38
1305,2022-01-13 08:55:41,25.65,26,1007.82,38
1306,2022-01-13 08:57:42,25.73,26,1007.88,37
1307,2022-01-13 08:59:42,25.73,26,1007.88,38
1308,2022-01-13 09:01:43,25.72,26,1007.85,37
1309,2022-01-13 09:03:43,25.73,26,1007.82,38
1310,2022-01-13 09:05:43,25.81,26,1007.76,37
1311,2022-01-13 09:07:44,25.79,26,1007.8,36
1312,2022-01-13 09:09:44,25.76,26,1007.89,36
1313,2022-01-13 09:11:44,25.8,26,1007.84,36
1314,2022-01-13 09:13:45,25.84,26,1007.84,36
1315,2022-01-13 09:15:45,25.88,26,1007.84,36
1316,2022-01-13 09:17:45,25.82,26,1007.84,36
1317,2022-01-13 09:19:46,25.82,26,1007.75,35
1318,2022-01-13 09:21:46,25.86,26,1007.9,35
1319,2022-01-13 09:23:47,25.88,26,1007.84,36
1320,2022-01-13 09:25:47,25.93,26,1007.82,36
1321,2022-01-13 09:27:47,25.88,26,1007.83,35
1322,2022-01-13 09:29:48,25.89,26,1007.84,35
1323,2022-01-13 09:31:48,25.95,26,1007.86,35
1324,2022-01-13 09:33:48,26.01,26,1007.89,36
1325,2022-01-13 09:35:49,26.02,26,1007.87,35
1326,2022-01-13 09:37:49,26.03,26,1007.75,35
1327,2022-01-13 09:39:49,26.05,26,1007.84,36
1328,2022-01-13 09:41:50,26.12,26,1007.75,36
1329,2022-01-13 09:43:50,26.16,26,1007.74,36
1330,2022-01-13 09:45:50,26.16,26,1007.74,36
1331,2022-01-13 09:47:51,26.21,26,1007.79,36
1332,2022-01-13 09:49:51,26.23,26,1007.65,36
1333,2022-01-13 09:51:52,26.27,26,1007.77,36
1334,2022-01-13 09:53:52,26.25,26,1007.81,36
1335,2022-01-13 09:55:52,26.31,26,1007.69,36
1336,2022-01-13 09:57:53,26.34,26,1007.81,36
1337,2022-01-13 09:59:53,26.37,26,1007.77,36
1338,2022-01-13 10:01:53,26.36,26,1007.84,36
1339,2022-01-13 10:03:54,26.36,26,1007.71,36
1340,2022-01-13 10:05:54,26.45,26,1007.78,36
1341,2022-01-13 10:07:54,26.51,26,1007.7,36
1342,2022-01-13 10:09:55,26.48,26,1007.67,36
1343,2022-01-13 10:11:55,26.44,26,1007.65,36
1344,2022-01-13 10:13:55,26.49,26,1007.68,36
1345,2022-01-13 10:15:56,26.54,26,1007.68,36
1346,2022-01-13 10:17:56,26.55,27,1007.64,36
1347,2022-01-13 10:19:56,26.55,27,1007.66,36
1348,2022-01-13 10:21:57,26.6,26,1007.56,36
1349,2022-01-13 10:23:57,26.64,27,1007.45,36
1350,2022-01-13 10:25:57,26.72,27,1007.45,36
1351,2022-01-13 10:27:58,26.71,27,1007.51,36
1352,2022-01-13 10:29:58,26.73,27,1007.49,36
1353,2022-01-13 10:31:58,26.79,27,1007.59,36
1354,2022-01-13 10:33:59,26.84,27,1007.66,36
1355,2022-01-13 10:35:59,26.83,27,1007.46,35
1356,2022-01-13 10:37:59,26.88,27,1007.32,35
1357,2022-01-13 10:40:00,26.9,27,1007.49,36
1358,2022-01-13 10:42:00,26.88,27,1007.35,36
1359,2022-01-13 10:44:00,26.92,27,1007.47,35
1360,2022-01-13 10:46:01,26.96,27,1007.32,35
1361,2022-01-13 10:48:01,26.96,27,1007.34,35
1362,2022-01-13 10:50:01,27.04,27,1007.49,35
1363,2022-01-13 10:52:02,27.1,27,1007.41,36
1364,2022-01-13 10:54:02,27.02,27,1007.49,35
1365,2022-01-13 10:56:02,27.03,27,1007.43,35
1366,2022-01-13 10:58:03,27.05,27,1007.48,35
1367,2022-01-13 11:00:03,27.02,27,1007.4,35
1368,2022-01-13 11:02:03,27.06,27,1007.43,35
1369,2022-01-13 11:04:04,27.0,27,1007.37,35
1370,2022-01-13 11:06:04,26.98,27,1007.32,35
1371,2022-01-13 11:08:04,27.03,27,1007.44,35
1372,2022-01-13 11:10:05,27.02,27,1007.37,35
1373,2022-01-13 11:12:05,27.11,27,1007.38,35
1374,2022-01-13 11:14:05,27.07,27,1007.28,34
1375,2022-01-13 11:16:06,27.08,27,1007.44,34
1376,2022-01-13 11:18:06,27.1,27,1007.34,35
1377,2022-01-13 11:20:06,27.09,27,1007.33,35
1378,2022-01-13 11:22:07,27.1,27,1007.34,34
1379,2022-01-13 11:24:07,27.12,27,1007.27,34
1380,2022-01-13 11:26:08,27.15,27,1007.46,34
1381,2022-01-13 11:28:08,27.18,27,1007.27,35
1382,2022-01-13 11:30:08,27.18,27,1007.2,34
1383,2022-01-13 11:32:09,27.17,27,1007.32,34
1384,2022-01-13 11:34:09,27.23,27,1007.31,34
1385,2022-01-13 11:36:09,27.21,27,1007.38,34
1386,2022-01-13 11:38:10,27.16,27,1007.21,34
1387,2022-01-13 11:40:10,27.17,27,1007.18,34
1388,2022-01-13 11:42:10,27.28,27,1007.22,34
1389,2022-01-13 11:44:11,27.24,27,1007.18,34
1390,2022-01-13 11:46:11,27.24,27,1007.15,34
1391,2022-01-13 11:48:11,27.21,27,1007.15,34
1392,2022-01-13 11:50:12,27.24,27,1007.07,34
1393,2022-01-13 11:52:12,27.25,27,1007.12,34
1394,2022-01-13 11:54:12,27.27,27,1007.04,34
1395,2022-01-13 11:56:13,27.22,27,1006.91,34
1396,2022-01-13 11:58:13,27.23,27,1006.93,34
1397,2022-01-13 12:00:14,27.18,27,1007.03,34
1398,2022-01-13 12:02:14,27.18,27,1007.04,34
1399,2022-01-13 12:04:14,27.25,27,1006.89,34
1400,2022-01-13 12:06:14,27.28,27,1006.87,34
1401,2022-01-13 12:08:15,27.3,27,1006.8,34
1402,2022-01-13 12:10:15,27.32,27,1006.84,34
1403,2022-01-13 12:12:15,27.27,27,1006.88,33
1404,2022-01-13 12:14:16,27.21,27,1006.92,33
1405,2022-01-13 12:16:16,27.22,27,1006.88,33
1406,2022-01-13 12:18:16,27.23,27,1006.84,33
1407,2022-01-13 12:20:17,27.16,27,1006.81,33
1408,2022-01-13 12:22:17,27.15,27,1006.97,33
1409,2022-01-13 12:24:17,27.18,27,1006.88,33
1410,2022-01-13 12:26:18,27.21,27,1006.78,33
1411,2022-01-13 12:28:18,27.19,27,1006.83,32
1412,2022-01-13 12:30:19,27.14,27,1006.99,32
1413,2022-01-13 12:32:19,27.15,27,1006.77,32
1414,2022-01-13 12:34:19,27.12,27,1006.92,31
1415,2022-01-13 12:36:20,27.09,27,1006.92,31
1416,2022-01-13 12:38:20,27.08,27,1006.86,31
1417,2022-01-13 12:40:20,27.13,27,1006.84,31
1418,2022-01-13 12:42:21,27.07,27,1006.77,31
1419,2022-01-13 12:44:21,27.11,27,1006.75,30
1420,2022-01-13 12:46:21,27.06,27,1006.75,30
1421,2022-01-13 12:48:22,27.12,27,1006.6,30
1422,2022-01-13 12:50:22,27.1,27,1006.64,30
1423,2022-01-13 12:52:22,27.07,27,1006.61,30
1424,2022-01-13 12:54:23,27.13,27,1006.71,30
1425,2022-01-13 12:56:23,27.1,27,1006.67,29
1426,2022-01-13 12:58:23,27.04,27,1006.73,29
1427,2022-01-13 13:00:24,27.04,27,1006.61,29
1428,2022-01-13 13:02:24,27.0,27,1006.66,30
1429,2022-01-13 13:04:25,27.05,27,1006.58,29
1430,2022-01-13 13:06:25,27.03,27,1006.6,30
1431,2022-01-13 13:08:25,27.02,27,1006.67,29
1432,2022-01-13 13:10:26,27.06,27,1006.52,29
1433,2022-01-13 13:12:26,27.12,27,1006.47,29
1434,2022-01-13 13:14:26,27.11,27,1006.52,29
1435,2022-01-13 13:16:27,27.05,27,1006.5,29
1436,2022-01-13 13:18:27,27.06,27,1006.46,29
1437,2022-01-13 13:20:27,27.07,27,1006.6,29
1438,2022-01-13 13:22:28,27.03,27,1006.53,30
1439,2022-01-13 13:24:28,27.06,27,1006.59,29
1440,2022-01-13 13:26:28,27.08,27,1006.56,29
1441,2022-01-13 13:28:29,27.15,27,1006.45,30
1442,2022-01-13 13:30:29,27.1,27,1006.53,29
1443,2022-01-13 13:32:29,27.16,27,1006.56,29
1444,2022-01-13 13:34:30,27.16,27,1006.44,30
1445,2022-01-13 13:36:30,27.17,27,1006.55,30
1446,2022-01-13 13:38:30,27.2,27,1006.54,30
1447,2022-01-13 13:40:31,27.2,27,1006.46,30
1448,2022-01-13 13:42:31,27.18,27,1006.48,30
1449,2022-01-13 13:44:31,27.24,27,1006.5,30
1450,2022-01-13 13:46:32,27.21,27,1006.56,31
1451,2022-01-13 13:48:32,27.25,27,1006.48,31
1452,2022-01-13 13:50:33,27.27,27,1006.5,31
1453,2022-01-13 13:52:33,27.26,27,1006.5,31
1454,2022-01-13 13:54:33,27.28,27,1006.46,31
1455,2022-01-13 13:56:34,27.22,27,1006.56,31
1456,2022-01-13 13:58:34,27.2,27,1006.46,31
1457,2022-01-13 14:00:34,27.25,27,1006.5,30
1458,2022-01-13 14:02:35,27.23,27,1006.5,30
1459,2022-01-13 14:04:35,27.24,27,1006.41,30
1460,2022-01-13 14:06:35,27.17,27,1006.52,30
1461,2022-01-13 14:08:36,27.19,27,1006.57,30
1462,2022-01-13 14:10:36,27.18,27,1006.44,30
1463,2022-01-13 14:12:36,27.18,27,1006.45,29
1464,2022-01-13 14:14:37,27.17,27,1006.35,30
1465,2022-01-13 14:16:37,27.24,27,1006.5,29
1466,2022-01-13 14:18:37,27.26,27,1006.54,29
1467,2022-01-13 14:20:38,27.24,27,1006.48,29
1468,2022-01-13 14:22:38,27.17,27,1006.37,29
1469,2022-01-13 14:24:39,27.19,27,1006.46,29
1470,2022-01-13 14:26:39,27.16,27,1006.44,30
1471,2022-01-13 14:28:39,27.16,27,1006.42,29
1472,2022-01-13 14:30:40,27.18,27,1006.29,30
1473,2022-01-13 14:32:40,27.16,27,1006.35,29
1474,2022-01-13 14:34:40,27.19,27,1006.39,29
1475,2022-01-13 14:36:41,27.17,27,1006.31,29
1476,2022-01-13 14:38:41,27.18,27,1006.36,30
1477,2022-01-13 14:40:41,27.17,27,1006.31,29
1478,2022-01-13 14:42:42,27.17,27,1006.29,29
1479,2022-01-13 14:44:42,27.2,27,1006.13,29
1480,2022-01-13 14:46:42,27.2,27,1006.29,29
1481,2022-01-13 14:48:43,27.17,27,1006.32,30
1482,2022-01-13 14:50:43,27.17,27,1006.27,30
1483,2022-01-13 14:52:43,27.13,27,1006.19,30
1484,2022-01-13 14:54:44,27.15,27,1006.27,30
1485,2022-01-13 14:56:44,27.15,27,1006.29,29
1486,2022-01-13 14:58:44,27.12,27,1006.27,29
1487,2022-01-13 15:00:45,27.1,27,1006.25,29
1488,2022-01-13 15:02:45,27.07,27,1006.25,29
1489,2022-01-13 15:04:45,27.04,27,1006.2,29
1490,2022-01-13 15:06:46,27.05,27,1006.32,29
1491,2022-01-13 15:08:46,27.08,27,1006.33,29
1492,2022-01-13 15:10:46,27.01,27,1006.3,30
1493,2022-01-13 15:12:47,26.99,27,1006.32,29
1494,2022-01-13 15:14:47,26.97,27,1006.32,29
1495,2022-01-13 15:16:47,26.94,27,1006.24,30
1496,2022-01-13 15:18:48,26.96,27,1006.28,30
1497,2022-01-13 15:20:48,27.03,27,1006.15,29
1498,2022-01-13 15:22:48,26.93,27,1006.37,29
1499,2022-01-13 15:24:49,27.0,27,1006.38,29
1500,2022-01-13 15:26:49,26.98,27,1006.15,30
1501,2022-01-13 15:28:49,26.94,27,1006.26,30
1502,2022-01-13 15:30:50,27.03,27,1006.17,30
1503,2022-01-13 15:32:50,27.06,27,1006.19,31
1504,2022-01-13 15:34:51,27.02,27,1006.2,30
1505,2022-01-13 15:36:51,27.08,27,1006.17,31
1506,2022-01-13 15:38:51,27.06,27,1006.12,31
1507,2022-01-13 15:40:51,27.03,27,1006.26,31
1508,2022-01-13 15:42:52,27.07,27,1006.17,31
1509,2022-01-13 15:44:52,27.07,27,1006.06,32
1510,2022-01-13 15:46:52,27.1,27,1006.15,31
1511,2022-01-13 15:48:53,27.09,27,1006.13,32
1512,2022-01-13 15:50:53,27.07,27,1006.13,32
1513,2022-01-13 15:52:53,27.03,27,1006.04,32
1514,2022-01-13 15:54:54,27.03,27,1006.07,32
1515,2022-01-13 15:56:54,27.0,27,1005.93,31
1516,2022-01-13 15:58:54,27.0,27,1005.97,32
1517,2022-01-13 16:00:55,26.99,27,1005.91,31
1518,2022-01-13 16:02:55,26.94,27,1005.8,31
1519,2022-01-13 16:04:55,26.99,27,1005.76,31
1520,2022-01-13 16:06:56,26.98,27,1005.73,31
1521,2022-01-13 16:08:56,27.01,27,1005.79,31
1522,2022-01-13 16:10:56,26.97,27,1005.71,31
1523,2022-01-13 16:12:57,27.0,27,1005.76,31
1524,2022-01-13 16:14:57,27.03,27,1005.82,31
1525,2022-01-13 16:16:57,26.99,27,1005.88,31
1526,2022-01-13 16:18:58,26.98,27,1005.71,31
1527,2022-01-13 16:20:58,27.0,27,1005.72,31
1528,2022-01-13 16:22:59,26.97,27,1005.77,31
1529,2022-01-13 16:24:59,26.95,27,1005.84,31
1530,2022-01-13 16:26:59,27.01,27,1005.88,31
1531,2022-01-13 16:29:00,27.0,27,1005.89,31
1532,2022-01-13 16:31:00,27.0,27,1005.92,31
1533,2022-01-13 16:33:00,26.93,27,1005.92,31
1534,2022-01-13 16:35:01,26.93,27,1006.0,31
1535,2022-01-13 16:37:01,26.92,27,1006.01,31
1536,2022-01-13 16:39:01,26.85,27,1006.11,31
1537,2022-01-13 16:41:02,26.87,27,1006.09,31
1538,2022-01-13 16:43:02,26.86,27,1006.1,31
1539,2022-01-13 16:45:02,26.83,27,1006.1,31
1540,2022-01-13 16:47:03,26.8,27,1006.33,32
1541,2022-01-13 16:49:03,26.83,27,1006.35,32
1542,2022-01-13 16:51:03,26.81,27,1006.3,32
1543,2022-01-13 16:53:04,26.76,27,1006.43,31
1544,2022-01-13 16:55:04,26.76,27,1006.43,32
1545,2022-01-13 16:57:04,26.68,27,1006.42,31
1546,2022-01-13 16:59:05,26.7,27,1006.43,31
1547,2022-01-13 17:01:05,26.72,27,1006.39,32
1548,2022-01-13 17:03:05,26.72,27,1006.43,32
1549,2022-01-13 17:05:06,26.72,27,1006.45,33
1550,2022-01-13 17:07:06,26.75,27,1006.47,33
1551,2022-01-13 17:09:07,26.76,27,1006.34,33
1552,2022-01-13 17:11:07,26.8,27,1006.6,34
1553,2022-01-13 17:13:07,26.8,27,1006.63,34
1554,2022-01-13 17:15:08,26.77,27,1006.64,34
1555,2022-01-13 17:17:08,26.78,27,1006.61,34
1556,2022-01-13 17:19:09,26.8,27,1006.67,35
1557,2022-01-13 17:21:09,26.87,27,1006.82,35
1558,2022-01-13 17:23:09,26.86,27,1006.79,35
1559,2022-01-13 17:25:10,26.82,27,1006.87,35
1560,2022-01-13 17:27:10,26.8,27,1006.84,35
1561,2022-01-13 17:29:10,26.78,27,1006.8,36
1562,2022-01-13 17:31:11,26.86,27,1006.94,36
1563,2022-01-13 17:33:11,26.85,27,1007.02,36
1564,2022-01-13 17:35:11,26.86,27,1007.07,36
1565,2022-01-13 17:37:12,26.87,27,1007.09,36
1566,2022-01-13 17:39:12,26.85,27,1007.07,36
1567,2022-01-13 17:41:12,26.84,27,1007.16,36
1568,2022-01-13 17:43:13,26.84,27,1007.05,36
1569,2022-01-13 17:45:13,26.82,27,1007.13,36
1570,2022-01-13 17:47:13,26.83,27,1007.02,36
1571,2022-01-13 17:49:14,26.85,27,1007.12,36
1572,2022-01-13 17:51:14,26.78,27,1006.97,36
1573,2022-01-13 17:53:14,26.78,27,1007.13,36
1574,2022-01-13 17:55:15,26.79,27,1007.06,37
1575,2022-01-13 17:57:15,26.82,27,1007.14,36
1576,2022-01-13 17:59:16,26.82,27,1007.11,36
1577,2022-01-13 18:01:16,26.8,27,1007.11,36
1578,2022-01-13 18:03:16,26.76,27,1007.2,36
1579,2022-01-13 18:05:17,26.76,27,1007.36,36
1580,2022-01-13 18:07:17,26.76,27,1007.34,36
1581,2022-01-13 18:09:17,26.76,27,1007.42,36
1582,2022-01-13 18:11:18,26.79,27,1007.51,36
1583,2022-01-13 18:13:18,26.77,27,1007.51,36
1584,2022-01-13 18:15:18,26.79,27,1007.51,36
1585,2022-01-13 18:17:19,26.77,27,1007.52,36
1586,2022-01-13 18:19:19,26.76,27,1007.41,36
1587,2022-01-13 18:21:19,26.71,27,1007.51,36
1588,2022-01-13 18:23:20,26.71,27,1007.57,36
1589,2022-01-13 18:25:20,26.68,27,1007.71,36
1590,2022-01-13 18:27:20,26.69,27,1007.76,36
1591,2022-01-13 18:29:21,26.71,27,1007.91,36
1592,2022-01-13 18:31:21,26.72,27,1007.83,36
1593,2022-01-13 18:33:21,26.64,27,1007.82,36
1594,2022-01-13 18:35:22,26.68,27,1007.79,36
1595,2022-01-13 18:37:22,26.66,27,1007.91,36
1596,2022-01-13 18:39:23,26.66,27,1007.84,36
1597,2022-01-13 18:41:23,26.64,27,1007.89,36
1598,2022-01-13 18:43:23,26.62,27,1007.92,36
1599,2022-01-13 18:45:24,26.64,27,1007.86,36
1600,2022-01-13 18:47:24,26.67,27,1007.91,36
1601,2022-01-13 18:49:25,26.67,27,1007.85,36
1602,2022-01-13 18:51:25,26.64,27,1007.9,36
1603,2022-01-13 18:53:25,26.63,27,1008.0,36
1604,2022-01-13 18:55:26,26.62,27,1007.87,36
1605,2022-01-13 18:57:26,26.6,27,1008.04,36
1606,2022-01-13 18:59:26,26.59,27,1008.04,36
1607,2022-01-13 19:01:27,26.6,27,1008.02,36
1608,2022-01-13 19:03:27,26.58,27,1008.07,36
1609,2022-01-13 19:05:27,26.55,27,1007.89,36
1610,2022-01-13 19:07:28,26.58,26,1007.97,36
1611,2022-01-13 19:09:28,26.59,27,1008.0,36
1612,2022-01-13 19:11:28,26.54,27,1008.08,36
1613,2022-01-13 19:13:29,26.53,26,1008.01,36
1614,2022-01-13 19:15:29,26.54,27,1007.96,36
1615,2022-01-13 19:17:29,26.53,26,1007.94,36
1616,2022-01-13 19:19:30,26.52,26,1007.98,36
1617,2022-01-13 19:21:30,26.49,27,1008.08,36
1618,2022-01-13 19:23:30,26.5,26,1008.1,36
1619,2022-01-13 19:25:31,26.5,26,1007.91,36
1620,2022-01-13 19:27:31,26.48,26,1008.06,36
1621,2022-01-13 19:29:31,26.46,27,1008.0,36
1622,2022-01-13 19:31:32,26.43,26,1008.11,37
1623,2022-01-13 19:33:32,26.44,26,1008.14,36
1624,2022-01-13 19:35:32,26.43,26,1008.21,37
1625,2022-01-13 19:37:33,26.43,26,1008.23,37
1626,2022-01-13 19:39:33,26.4,26,1008.35,36
1627,2022-01-13 19:41:34,26.4,26,1008.22,36
1628,2022-01-13 19:43:34,26.37,26,1008.27,36
1629,2022-01-13 19:45:34,26.37,26,1008.35,36
1630,2022-01-13 19:47:35,26.39,26,1008.35,36
1631,2022-01-13 19:49:35,26.36,26,1008.42,37
1632,2022-01-13 19:51:35,26.36,26,1008.3,36
1633,2022-01-13 19:53:36,26.3,26,1008.2,37
1634,2022-01-13 19:55:36,26.31,26,1008.33,37
1635,2022-01-13 19:57:36,26.32,26,1008.4,36
1636,2022-01-13 19:59:37,26.36,26,1008.48,37
1637,2022-01-13 20:01:37,26.34,26,1008.51,37
1638,2022-01-13 20:03:37,26.32,26,1008.52,37
1639,2022-01-13 20:05:38,26.32,26,1008.5,37
1640,2022-01-13 20:07:38,26.3,26,1008.52,37
1641,2022-01-13 20:09:38,26.29,26,1008.59,37
1642,2022-01-13 20:11:39,26.27,26,1008.6,37
1643,2022-01-13 20:13:39,26.25,26,1008.65,37
1644,2022-01-13 20:15:39,26.25,26,1008.69,37
1645,2022-01-13 20:17:40,26.28,26,1008.6,37
1646,2022-01-13 20:19:40,26.24,26,1008.71,37
1647,2022-01-13 20:21:40,26.22,26,1008.65,37
1648,2022-01-13 20:23:41,26.22,26,1008.67,37
1649,2022-01-13 20:25:41,26.28,26,1008.71,37
1650,2022-01-13 20:27:41,26.2,26,1008.71,37
1651,2022-01-13 20:29:42,26.21,26,1008.7,37
1652,2022-01-13 20:31:42,26.2,26,1008.79,37
1653,2022-01-13 20:33:42,26.19,26,1008.75,37
1654,2022-01-13 20:35:42,26.18,26,1008.77,37
1655,2022-01-13 20:37:43,26.17,26,1008.89,37
1656,2022-01-13 20:39:43,26.17,26,1008.85,37
1657,2022-01-13 20:41:43,26.14,26,1008.83,37
1658,2022-01-13 20:43:44,26.16,26,1008.84,37
1659,2022-01-13 20:45:44,26.18,26,1008.8,36
1660,2022-01-13 20:47:44,26.16,26,1008.83,37
1661,2022-01-13 20:49:45,26.14,26,1008.78,37
1662,2022-01-13 20:51:45,26.16,26,1008.74,37
1663,2022-01-13 20:53:45,26.15,26,1008.86,37
1664,2022-01-13 20:55:46,26.14,26,1008.88,37
1665,2022-01-13 20:57:46,26.13,26,1008.87,37
1666,2022-01-13 20:59:47,26.13,26,1009.11,37
1667,2022-01-13 21:01:47,26.13,26,1008.92,37
1668,2022-01-13 21:03:47,26.13,26,1009.02,37
1669,2022-01-13 21:05:47,26.09,26,1008.91,37
1670,2022-01-13 21:07:48,26.12,26,1009.07,37
1671,2022-01-13 21:09:48,26.07,26,1009.02,37
1672,2022-01-13 21:11:48,26.06,26,1009.02,37
1673,2022-01-13 21:13:49,26.07,26,1009.16,37
1674,2022-01-13 21:15:49,26.03,26,1009.13,37
1675,2022-01-13 21:17:49,26.05,26,1009.26,37
1676,2022-01-13 21:19:50,26.07,26,1009.17,37
1677,2022-01-13 21:21:50,26.04,26,1009.33,37
1678,2022-01-13 21:23:50,26.03,26,1009.21,37
1679,2022-01-13 21:25:51,26.02,26,1009.36,37
1680,2022-01-13 21:27:51,26.04,26,1009.25,37
1681,2022-01-13 21:29:52,26.02,26,1009.43,37
1682,2022-01-13 21:31:52,26.01,26,1009.32,37
1683,2022-01-13 21:33:52,26.04,26,1009.4,37
1684,2022-01-13 21:35:53,26.01,26,1009.45,37
1685,2022-01-13 21:37:53,26.02,26,1009.6,37
1686,2022-01-13 21:39:53,26.0,26,1009.46,37
1687,2022-01-13 21:41:54,26.03,26,1009.39,37
1688,2022-01-13 21:43:54,26.01,26,1009.47,37
1689,2022-01-13 21:45:54,25.95,26,1009.53,37
1690,2022-01-13 21:47:55,25.99,26,1009.52,37
1691,2022-01-13 21:49:55,25.97,26,1009.5,37
1692,2022-01-13 21:51:55,25.96,26,1009.56,37
1693,2022-01-13 21:53:56,25.96,26,1009.54,37
1694,2022-01-13 21:55:56,25.99,26,1009.61,37
1695,2022-01-13 21:57:56,25.96,26,1009.65,37
1696,2022-01-13 21:59:57,25.99,26,1009.57,37
1697,2022-01-13 22:01:57,25.97,26,1009.67,37
1698,2022-01-13 22:03:57,25.93,26,1009.58,37
1699,2022-01-13 22:05:58,26.0,26,1009.63,37
1700,2022-01-13 22:07:58,25.96,26,1009.44,37
1701,2022-01-13 22:09:58,25.97,26,1009.57,37
1702,2022-01-13 22:11:59,25.98,26,1009.59,37
1703,2022-01-13 22:13:59,25.98,26,1009.57,37
1704,2022-01-13 22:15:59,25.94,26,1009.58,37
1705,2022-01-13 22:18:00,25.93,26,1009.5,37
1706,2022-01-13 22:20:00,25.91,26,1009.59,37
1707,2022-01-13 22:22:00,25.9,26,1009.52,38
1708,2022-01-13 22:24:01,25.93,26,1009.59,38
1709,2022-01-13 22:26:01,25.92,26,1009.6,38
1710,2022-01-13 22:28:01,25.92,26,1009.62,38
1711,2022-01-13 22:30:02,25.91,26,1009.6,38
1712,2022-01-13 22:32:02,25.89,26,1009.53,38
1713,2022-01-13 22:34:02,25.89,26,1009.64,38
1714,2022-01-13 22:36:03,25.89,26,1009.55,38
1715,2022-01-13 22:38:03,25.9,26,1009.58,38
1716,2022-01-13 22:40:03,25.89,26,1009.62,38
1717,2022-01-13 22:42:04,25.87,26,1009.54,38
1718,2022-01-13 22:44:04,25.88,26,1009.59,38
1719,2022-01-13 22:46:04,25.88,26,1009.5,38
1720,2022-01-13 22:48:05,25.86,26,1009.72,38
1721,2022-01-13 22:50:05,25.89,26,1009.65,38
1722,2022-01-13 22:52:06,25.82,26,1009.67,38
1723,2022-01-13 22:54:06,25.83,26,1009.7,38
1724,2022-01-13 22:56:06,25.86,26,1009.71,38
1725,2022-01-13 22:58:07,25.87,26,1009.63,38
1726,2022-01-13 23:00:07,25.86,26,1009.55,38
1727,2022-01-13 23:02:07,25.84,26,1009.52,38
1728,2022-01-13 23:04:08,25.83,26,1009.67,38
1729,2022-01-13 23:06:08,25.79,26,1009.55,38
1730,2022-01-13 23:08:08,25.84,26,1009.59,38
1731,2022-01-13 23:10:09,25.84,26,1009.46,38
1732,2022-01-13 23:12:09,25.81,26,1009.46,38
1733,2022-01-13 23:14:09,25.78,26,1009.38,38
1734,2022-01-13 23:16:10,25.8,26,1009.44,38
1735,2022-01-13 23:18:10,25.79,26,1009.32,38
1736,2022-01-13 23:20:10,25.79,26,1009.4,38
1737,2022-01-13 23:22:11,25.76,26,1009.23,38
1738,2022-01-13 23:24:11,25.76,26,1009.39,38
1739,2022-01-13 23:26:11,25.76,26,1009.26,38
1740,2022-01-13 23:28:12,25.78,26,1009.18,38
1741,2022-01-13 23:30:12,25.79,26,1009.26,38
1742,2022-01-13 23:32:13,25.79,26,1009.16,38
1743,2022-01-13 23:34:13,25.78,26,1009.07,38
1744,2022-01-13 23:36:13,25.77,26,1009.15,38
1745,2022-01-13 23:38:14,25.74,26,1009.12,38
1746,2022-01-13 23:40:14,25.77,26,1009.22,38
1747,2022-01-13 23:42:14,25.73,26,1009.15,38
1748,2022-01-13 23:44:15,25.72,26,1009.05,38
1749,2022-01-13 23:46:15,25.72,26,1009.13,38
1750,2022-01-13 23:48:15,25.72,26,1009.03,38
1751,2022-01-13 23:50:15,25.67,26,1008.92,38
1752,2022-01-13 23:52:16,25.65,26,1008.87,38
1753,2022-01-13 23:54:16,25.66,26,1009.01,38
1754,2022-01-13 23:56:17,25.66,26,1008.87,38
1755,2022-01-13 23:58:17,25.67,26,1008.84,38
1756,2022-01-14 00:00:17,25.67,26,1008.99,38
1757,2022-01-14 00:02:18,25.68,26,1008.98,38
1758,2022-01-14 00:04:18,25.72,25,1008.9,37
1759,2022-01-14 00:06:18,25.69,26,1008.82,39
1760,2022-01-14 00:08:19,25.69,26,1008.85,39
1761,2022-01-14 00:10:19,25.74,26,1008.66,39
1762,2022-01-14 00:12:19,25.76,26,1008.69,39
1763,2022-01-14 00:14:20,25.76,26,1008.56,39
1764,2022-01-14 00:16:20,25.79,26,1008.63,40
1765,2022-01-14 00:18:20,25.76,26,1008.65,40
1766,2022-01-14 00:20:21,25.8,26,1008.67,40
1767,2022-01-14 00:22:21,25.84,26,1008.63,40
1768,2022-01-14 00:24:21,25.86,26,1008.63,40
1769,2022-01-14 00:26:22,25.86,26,1008.71,40
1770,2022-01-14 00:28:22,25.84,26,1008.69,40
1771,2022-01-14 00:30:22,25.86,26,1008.65,40
1772,2022-01-14 00:32:23,25.89,26,1008.71,40
1773,2022-01-14 00:34:23,25.86,26,1008.6,40
1774,2022-01-14 00:36:24,25.91,26,1008.67,40
1775,2022-01-14 00:38:24,25.92,26,1008.75,41
1776,2022-01-14 00:40:24,25.92,26,1008.67,40
1777,2022-01-14 00:42:25,25.89,26,1008.56,41
1778,2022-01-14 00:44:25,25.92,26,1008.62,41
1779,2022-01-14 00:46:25,25.91,26,1008.63,41
1780,2022-01-14 00:48:26,25.93,26,1008.65,41
1781,2022-01-14 00:50:26,25.92,26,1008.69,41
1782,2022-01-14 00:52:26,25.93,26,1008.67,41
1783,2022-01-14 00:54:27,25.97,26,1008.79,41
1784,2022-01-14 00:56:27,25.95,26,1008.69,41
1785,2022-01-14 00:58:28,25.94,26,1008.73,41
1786,2022-01-14 01:00:28,25.96,26,1008.7,41
1787,2022-01-14 01:02:28,25.97,26,1008.74,41
1788,2022-01-14 01:04:29,25.98,26,1008.63,41
1789,2022-01-14 01:06:29,25.96,26,1008.72,41
1790,2022-01-14 01:08:29,25.97,26,1008.69,41
1791,2022-01-14 01:10:30,25.96,26,1008.74,41
1792,2022-01-14 01:12:30,25.97,26,1008.56,41
1793,2022-01-14 01:14:30,25.96,26,1008.63,41
1794,2022-01-14 01:16:31,25.96,26,1008.57,41
1795,2022-01-14 01:18:31,25.98,26,1008.54,41
1796,2022-01-14 01:20:32,25.98,26,1008.51,41
1797,2022-01-14 01:22:32,26.01,26,1008.61,41
1798,2022-01-14 01:24:32,26.0,26,1008.49,41
1799,2022-01-14 01:26:33,25.98,26,1008.42,41
1800,2022-01-14 01:28:33,25.97,26,1008.41,41
1801,2022-01-14 01:30:33,25.98,26,1008.39,41
1802,2022-01-14 01:32:34,26.0,26,1008.46,41
1803,2022-01-14 01:34:34,26.0,26,1008.4,41
1804,2022-01-14 01:36:35,25.97,26,1008.4,41
1805,2022-01-14 01:38:35,25.95,26,1008.43,41
1806,2022-01-14 01:40:35,26.01,26,1008.38,42
1807,2022-01-14 01:42:36,26.03,26,1008.52,42
1808,2022-01-14 01:44:36,26.01,26,1008.42,42
1809,2022-01-14 01:46:36,26.02,26,1008.44,42
1810,2022-01-14 01:48:37,25.99,26,1008.5,42
1811,2022-01-14 01:50:37,26.02,26,1008.5,41
1812,2022-01-14 01:52:38,26.01,26,1008.43,41
1813,2022-01-14 01:54:38,26.01,26,1008.46,41
1814,2022-01-14 01:56:38,25.99,26,1008.46,42
1815,2022-01-14 01:58:39,26.0,26,1008.47,41
1816,2022-01-14 02:00:39,25.99,26,1008.54,42
1817,2022-01-14 02:02:39,26.04,26,1008.44,42
1818,2022-01-14 02:04:40,26.02,26,1008.44,42
1819,2022-01-14 02:06:40,26.04,26,1008.47,42
1820,2022-01-14 02:08:40,26.02,26,1008.49,42
1821,2022-01-14 02:10:41,25.99,26,1008.58,42
1822,2022-01-14 02:12:41,26.0,26,1008.55,42
1823,2022-01-14 02:14:41,26.03,26,1008.52,42
1824,2022-01-14 02:16:42,26.04,26,1008.5,42
1825,2022-01-14 02:18:42,25.99,26,1008.48,42
1826,2022-01-14 02:20:42,25.99,26,1008.45,42
1827,2022-01-14 02:22:43,25.99,26,1008.44,42
1828,2022-01-14 02:24:43,25.98,26,1008.53,42
1829,2022-01-14 02:26:43,26.02,26,1008.56,42
1830,2022-01-14 02:28:44,26.03,26,1008.47,42
1831,2022-01-14 02:30:44,26.03,26,1008.52,42
1832,2022-01-14 02:32:44,26.03,26,1008.4,42
1833,2022-01-14 02:34:45,26.01,26,1008.43,42
1834,2022-01-14 02:36:45,26.02,26,1008.4,42
1835,2022-01-14 02:38:45,26.02,26,1008.5,42
1836,2022-01-14 02:40:46,25.99,26,1008.36,42
1837,2022-01-14 02:42:46,25.98,26,1008.41,42
1838,2022-01-14 02:44:46,25.96,26,1008.26,42
1839,2022-01-14 02:46:47,25.94,26,1008.15,42
1840,2022-01-14 02:48:47,25.96,26,1008.19,42
1841,2022-01-14 02:50:47,25.99,26,1008.12,42
1842,2022-01-14 02:52:48,26.01,26,1007.92,42
1843,2022-01-14 02:54:48,25.98,26,1007.99,42
1844,2022-01-14 02:56:48,25.99,26,1008.01,42
1845,2022-01-14 02:58:49,25.96,26,1007.95,42
1846,2022-01-14 03:00:49,25.94,26,1008.0,42
1847,2022-01-14 03:02:49,26.0,26,1008.0,42
1848,2022-01-14 03:04:50,25.96,26,1008.03,42
1849,2022-01-14 03:06:50,25.93,26,1008.03,42
1850,2022-01-14 03:08:51,25.96,26,1007.81,42
1851,2022-01-14 03:10:51,25.96,26,1007.76,42
1852,2022-01-14 03:12:51,25.94,26,1007.81,42
1853,2022-01-14 03:14:52,25.98,26,1007.9,43
1854,2022-01-14 03:16:52,25.97,26,1007.82,43
1855,2022-01-14 03:18:52,26.01,26,1007.88,43
1856,2022-01-14 03:20:52,25.98,26,1007.82,42
1857,2022-01-14 03:22:53,25.96,26,1007.89,42
1858,2022-01-14 03:24:53,25.96,26,1007.95,42
1859,2022-01-14 03:26:53,25.97,26,1007.97,43
1860,2022-01-14 03:28:54,25.97,26,1007.79,42
1861,2022-01-14 03:30:54,25.99,26,1007.73,43
1862,2022-01-14 03:32:55,25.98,26,1007.67,43
1863,2022-01-14 03:34:55,25.95,26,1007.78,42
1864,2022-01-14 03:36:55,25.95,26,1007.65,43
1865,2022-01-14 03:38:56,25.94,26,1007.65,43
1866,2022-01-14 03:40:56,25.93,26,1007.54,43
1867,2022-01-14 03:42:56,25.98,26,1007.46,43
1868,2022-01-14 03:44:57,25.95,26,1007.48,43
1869,2022-01-14 03:46:57,25.94,26,1007.41,42
1870,2022-01-14 03:48:57,25.96,26,1007.37,43
1871,2022-01-14 03:50:58,25.97,26,1007.33,42
1872,2022-01-14 03:52:58,25.96,26,1007.4,43
1873,2022-01-14 03:54:58,25.97,26,1007.34,42
1874,2022-01-14 03:56:59,25.96,26,1007.21,43
1875,2022-01-14 03:58:59,25.94,26,1007.32,43
1876,2022-01-14 04:00:59,25.94,26,1007.3,43
1877,2022-01-14 04:03:00,25.95,26,1007.32,43
1878,2022-01-14 04:05:00,25.97,26,1007.39,43
1879,2022-01-14 04:07:00,25.94,26,1007.38,43
1880,2022-01-14 04:09:01,25.96,26,1007.36,43
1881,2022-01-14 04:11:01,25.98,26,1007.48,43
1882,2022-01-14 04:13:01,25.97,26,1007.55,43
1883,2022-01-14 04:15:02,25.97,26,1007.54,42
1884,2022-01-14 04:17:02,25.99,26,1007.62,43
1885,2022-01-14 04:19:02,26.0,26,1007.59,43
1886,2022-01-14 04:21:03,25.97,26,1007.49,43
1887,2022-01-14 04:23:03,25.95,26,1007.44,43
1888,2022-01-14 04:25:04,25.98,26,1007.48,43
1889,2022-01-14 04:27:04,25.95,26,1007.44,43
1890,2022-01-14 04:29:04,25.97,26,1007.41,43
1891,2022-01-14 04:31:05,25.95,26,1007.53,43
1892,2022-01-14 04:33:05,25.95,26,1007.41,43
1893,2022-01-14 04:35:05,25.94,26,1007.34,43
1894,2022-01-14 04:37:06,25.96,26,1007.47,42
1895,2022-01-14 04:39:06,25.96,26,1007.5,42
1896,2022-01-14 04:41:06,25.96,26,1007.48,43
1897,2022-01-14 04:43:07,25.93,26,1007.47,42
1898,2022-01-14 04:45:07,25.97,26,1007.34,43
1899,2022-01-14 04:47:07,25.95,26,1007.44,43
1900,2022-01-14 04:49:08,25.9,26,1007.4,43
1901,2022-01-14 04:51:08,25.95,26,1007.5,43
1902,2022-01-14 04:53:08,25.89,26,1007.48,43
1903,2022-01-14 04:55:09,25.9,26,1007.47,43
1904,2022-01-14 04:57:09,25.92,26,1007.57,43
1905,2022-01-14 04:59:09,25.92,26,1007.57,43
1906,2022-01-14 05:01:10,25.88,26,1007.56,43
1907,2022-01-14 05:03:10,25.91,26,1007.6,43
1908,2022-01-14 05:05:10,25.9,26,1007.81,43
1909,2022-01-14 05:07:10,25.9,26,1007.67,43
1910,2022-01-14 05:09:11,25.88,26,1007.81,43
1911,2022-01-14 05:11:11,25.89,26,1007.73,43
1912,2022-01-14 05:13:12,25.88,26,1007.7,43
1913,2022-01-14 05:15:12,25.86,26,1007.78,43
1914,2022-01-14 05:17:12,25.88,26,1007.76,43
1915,2022-01-14 05:19:13,25.89,26,1007.79,43
1916,2022-01-14 05:21:13,25.88,26,1007.73,43
1917,2022-01-14 05:23:13,25.84,26,1007.73,43
1918,2022-01-14 05:25:14,25.86,26,1007.72,43
1919,2022-01-14 05:27:14,25.87,26,1007.78,43
1920,2022-01-14 05:29:14,25.87,26,1007.87,43
1921,2022-01-14 05:31:15,25.85,26,1007.78,43
1922,2022-01-14 05:33:15,25.86,26,1007.86,43
1923,2022-01-14 05:35:15,25.84,26,1007.89,43
1924,2022-01-14 05:37:16,25.85,26,1007.86,43
1925,2022-01-14 05:39:16,25.86,26,1007.96,43
1926,2022-01-14 05:41:16,25.86,26,1008.07,43
1927,2022-01-14 05:43:17,25.88,26,1008.17,43
1928,2022-01-14 05:45:17,25.83,26,1008.12,43
1929,2022-01-14 05:47:18,25.85,26,1008.12,43
1930,2022-01-14 05:49:18,25.86,26,1008.31,43
1931,2022-01-14 05:51:18,25.84,26,1008.26,43
1932,2022-01-14 05:53:18,25.84,26,1008.26,43
1933,2022-01-14 05:55:19,25.86,26,1008.18,43
1934,2022-01-14 05:57:19,25.88,26,1008.23,43
1935,2022-01-14 05:59:19,25.87,26,1008.35,43
1936,2022-01-14 06:01:20,25.9,26,1008.32,43
1937,2022-01-14 06:03:20,25.89,26,1008.41,43
1938,2022-01-14 06:05:20,25.86,26,1008.32,43
1939,2022-01-14 06:07:21,25.87,26,1008.36,43
1940,2022-01-14 06:09:21,25.85,26,1008.45,43
1941,2022-01-14 06:11:21,25.87,26,1008.37,43
1942,2022-01-14 06:13:22,25.85,26,1008.29,43
1943,2022-01-14 06:15:22,25.85,26,1008.46,43
1944,2022-01-14 06:17:22,25.88,26,1008.56,43
1945,2022-01-14 06:19:23,25.86,26,1008.61,43
1946,2022-01-14 06:21:23,25.86,26,1008.48,43
1947,2022-01-14 06:23:23,25.88,26,1008.49,43
1948,2022-01-14 06:25:24,25.86,26,1008.53,43
1949,2022-01-14 06:27:24,25.88,26,1008.51,43
1950,2022-01-14 06:29:24,25.87,26,1008.67,43
1951,2022-01-14 06:31:25,25.88,26,1008.64,43
1952,2022-01-14 06:33:25,25.9,26,1008.71,43
1953,2022-01-14 06:35:25,25.87,26,1008.74,43
1954,2022-01-14 06:37:26,25.9,26,1008.75,43
1955,2022-01-14 06:39:26,25.86,26,1008.76,43
1956,2022-01-14 06:41:27,25.87,26,1008.79,43
1957,2022-01-14 06:43:27,25.82,26,1008.82,42
1958,2022-01-14 06:45:27,25.81,26,1008.69,42
1959,2022-01-14 06:47:28,25.75,26,1008.6,42
1960,2022-01-14 06:49:28,25.73,26,1008.76,42
1961,2022-01-14 06:51:28,25.72,26,1008.71,42
1962,2022-01-14 06:53:29,25.7,26,1008.82,42
1963,2022-01-14 06:55:29,25.7,26,1008.84,42
1964,2022-01-14 06:57:29,25.7,26,1008.64,42
1965,2022-01-14 06:59:30,25.69,26,1008.84,41
1966,2022-01-14 07:01:30,25.66,26,1008.93,42
1967,2022-01-14 07:03:30,25.66,25,1008.77,40
1968,2022-01-14 07:05:31,25.7,26,1009.04,41
1969,2022-01-14 07:07:31,25.72,26,1009.14,41
1970,2022-01-14 07:09:31,25.68,26,1009.03,41
1971,2022-01-14 07:11:32,25.65,26,1009.03,41
1972,2022-01-14 07:13:32,25.68,26,1009.14,41
1973,2022-01-14 07:15:33,25.7,26,1009.1,41
1974,2022-01-14 07:17:33,25.65,26,1009.11,40
1975,2022-01-14 07:19:33,25.65,26,1009.18,40
1976,2022-01-14 07:21:34,25.67,26,1009.08,40
1977,2022-01-14 07:23:34,25.7,26,1009.13,40
1978,2022-01-14 07:25:34,25.69,26,1009.14,40
1979,2022-01-14 07:27:34,25.69,26,1009.15,40
1980,2022-01-14 07:29:35,25.66,26,1009.07,40
1981,2022-01-14 07:31:35,25.65,26,1009.0,40
1982,2022-01-14 07:33:35,25.66,26,1009.02,40
1983,2022-01-14 07:35:36,25.69,26,1008.99,40
1984,2022-01-14 07:37:36,25.67,26,1009.01,39
1985,2022-01-14 07:39:36,25.81,26,1009.09,40
1986,2022-01-14 07:41:37,25.92,26,1008.91,40
1987,2022-01-14 07:43:37,26.0,26,1008.9,40
1988,2022-01-14 07:45:37,26.06,26,1008.94,39
1989,2022-01-14 07:47:38,26.03,26,1009.06,39
1990,2022-01-14 07:49:38,26.08,26,1009.12,39
1991,2022-01-14 07:51:38,26.1,26,1008.95,39
1992,2022-01-14 07:53:39,26.17,26,1009.03,39
1993,2022-01-14 07:55:39,26.2,26,1008.87,39
1994,2022-01-14 07:57:40,26.21,26,1009.11,39
1995,2022-01-14 07:59:40,26.22,26,1008.96,39
1996,2022-01-14 08:12:55,26.38,26,1008.93,40
1997,2022-01-14 08:14:56,26.33,26,1009.03,39
1998,2022-01-14 08:16:56,26.35,26,1008.98,39
1999,2022-01-14 08:18:57,26.42,26,1009.0,39
2000,2022-01-14 08:20:57,26.47,26,1009.05,39
2001,2022-01-14 08:22:57,26.41,26,1009.07,39
2002,2022-01-14 08:24:58,26.43,26,1009.12,39
2003,2022-01-14 08:26:58,26.44,26,1009.07,38
2004,2022-01-14 08:28:58,26.48,26,1009.08,39
2005,2022-01-14 08:30:59,26.44,26,1009.06,39
2006,2022-01-14 08:32:59,26.46,26,1009.1,38
2007,2022-01-14 08:34:59,26.33,26,1009.03,38
2008,2022-01-14 08:37:00,26.26,26,1009.15,38
2009,2022-01-14 08:39:00,26.25,26,1008.96,39
2010,2022-01-14 08:41:00,26.32,26,1009.1,39
2011,2022-01-14 08:43:01,26.37,26,1009.04,39
2012,2022-01-14 08:45:01,26.38,26,1009.06,38
2013,2022-01-14 08:47:01,26.45,26,1009.04,38
2014,2022-01-14 08:49:02,26.5,26,1009.06,38
2015,2022-01-14 08:51:02,26.48,26,1009.08,38
2016,2022-01-14 08:53:02,26.5,26,1008.93,38
2017,2022-01-14 08:55:03,26.46,26,1008.98,38
2018,2022-01-14 08:57:03,26.42,26,1009.0,38
2019,2022-01-14 08:59:03,26.39,26,1008.81,37
2020,2022-01-14 09:01:04,26.43,26,1008.99,37
2021,2022-01-14 09:03:04,26.52,26,1008.93,37
2022,2022-01-14 09:05:04,26.57,26,1008.93,37
2023,2022-01-14 09:07:05,26.64,27,1008.83,37
2024,2022-01-14 09:09:05,26.65,27,1008.89,36
2025,2022-01-14 09:11:05,26.63,27,1008.82,36
2026,2022-01-14 09:13:06,26.58,26,1008.83,36
2027,2022-01-14 09:15:06,26.53,26,1008.83,36
2028,2022-01-14 09:17:06,26.49,26,1008.78,37
2029,2022-01-14 09:19:07,26.45,26,1009.02,37
2030,2022-01-14 09:21:07,26.45,26,1008.89,38
2031,2022-01-14 09:23:08,26.41,26,1008.83,37
2032,2022-01-14 09:25:08,26.46,26,1008.95,37
2033,2022-01-14 09:27:08,26.6,26,1008.88,38
2034,2022-01-14 09:29:09,26.63,26,1008.86,37
2035,2022-01-14 09:31:09,26.73,27,1008.85,37
2036,2022-01-14 09:33:09,26.76,27,1008.8,37
2037,2022-01-14 09:35:10,26.76,27,1008.85,37
2038,2022-01-14 09:37:10,26.77,27,1008.86,37
2039,2022-01-14 09:39:10,26.76,27,1008.74,36
2040,2022-01-14 09:41:11,26.76,27,1008.75,36
2041,2022-01-14 09:43:11,26.8,27,1008.85,37
2042,2022-01-14 09:45:11,26.84,27,1008.67,37
2043,2022-01-14 09:47:12,26.87,27,1008.67,37
2044,2022-01-14 09:49:12,26.87,27,1008.7,37
2045,2022-01-14 09:51:13,26.85,27,1008.71,37
2046,2022-01-14 09:53:13,26.77,27,1008.72,37
2047,2022-01-14 09:55:13,26.91,27,1008.76,37
2048,2022-01-14 09:57:14,26.98,27,1008.64,37
2049,2022-01-14 09:59:14,27.01,27,1008.67,37
2050,2022-01-14 10:01:14,27.0,27,1008.65,37
2051,2022-01-14 10:03:15,26.94,27,1008.47,37
2052,2022-01-14 10:05:15,26.92,27,1008.59,37
2053,2022-01-14 10:07:15,26.98,27,1008.56,37
2054,2022-01-14 10:09:16,26.97,27,1008.53,37
2055,2022-01-14 10:11:16,27.05,27,1008.35,37
2056,2022-01-14 10:13:16,27.11,28,1008.35,36
2057,2022-01-14 10:15:17,27.12,27,1008.42,36
2058,2022-01-14 10:17:17,27.09,27,1008.38,36
2059,2022-01-14 10:19:17,27.07,27,1008.38,36
2060,2022-01-14 10:21:18,27.12,27,1008.34,36
2061,2022-01-14 10:23:18,27.12,27,1008.35,36
2062,2022-01-14 10:25:18,27.13,27,1008.27,36
2063,2022-01-14 10:27:19,27.08,27,1008.26,36
2064,2022-01-14 10:29:19,27.08,27,1008.3,35
2065,2022-01-14 10:31:19,27.11,27,1008.3,35
2066,2022-01-14 10:33:20,27.09,27,1008.25,35
2067,2022-01-14 10:35:20,27.13,27,1008.35,35
2068,2022-01-14 10:37:20,27.18,27,1008.38,35
2069,2022-01-14 10:39:21,27.12,27,1008.3,34
2070,2022-01-14 10:41:21,26.98,27,1008.25,34
2071,2022-01-14 10:43:21,26.92,27,1008.06,34
2072,2022-01-14 10:45:22,26.9,27,1008.11,34
2073,2022-01-14 10:47:22,26.96,27,1008.13,35
2074,2022-01-14 10:49:22,27.04,27,1008.22,35
2075,2022-01-14 10:51:23,27.12,27,1008.2,35
2076,2022-01-14 10:53:23,27.17,27,1008.09,35
2077,2022-01-14 10:55:23,27.22,27,1008.17,35
2078,2022-01-14 10:57:24,27.28,27,1008.21,35
2079,2022-01-14 10:59:24,27.28,27,1008.22,35
2080,2022-01-14 11:01:24,27.32,27,1008.21,35
2081,2022-01-14 11:03:25,27.33,27,1008.27,35
2082,2022-01-14 11:05:25,27.34,27,1008.17,34
2083,2022-01-14 11:07:25,27.39,27,1008.13,34
2084,2022-01-14 11:09:26,27.35,27,1008.06,34
2085,2022-01-14 11:11:26,27.36,27,1008.12,34
2086,2022-01-14 11:13:26,27.32,27,1008.09,34
2087,2022-01-14 11:15:27,27.15,27,1008.03,33
2088,2022-01-14 11:17:27,27.1,27,1008.05,34
2089,2022-01-14 11:19:27,27.11,27,1007.99,34
2090,2022-01-14 11:21:28,27.07,27,1008.09,34
2091,2022-01-14 11:23:28,27.03,27,1008.22,34
2092,2022-01-14 11:25:28,27.04,27,1008.12,34
2093,2022-01-14 11:27:29,27.04,27,1008.2,34
2094,2022-01-14 11:29:29,27.03,27,1008.2,33
2095,2022-01-14 11:31:29,27.04,27,1008.1,33
2096,2022-01-14 11:33:30,27.0,27,1008.15,33
2097,2022-01-14 11:35:30,26.97,27,1008.04,33
2098,2022-01-14 11:37:30,26.98,27,1008.13,33
2099,2022-01-14 11:39:31,27.0,27,1008.12,33
2100,2022-01-14 11:41:31,26.98,27,1008.15,33
2101,2022-01-14 11:43:31,26.95,27,1008.05,33
2102,2022-01-14 11:45:32,26.88,27,1008.3,33
2103,2022-01-14 11:47:32,26.91,27,1008.18,33
2104,2022-01-14 11:49:32,26.92,27,1008.28,33
2105,2022-01-14 11:51:33,26.88,27,1008.27,33
2106,2022-01-14 11:53:33,26.87,27,1008.25,33
2107,2022-01-14 11:55:33,26.79,27,1008.18,33
2108,2022-01-14 11:57:33,26.89,27,1008.22,33
2109,2022-01-14 11:59:34,26.89,27,1008.13,33
2110,2022-01-14 12:01:34,26.86,27,1008.09,33
2111,2022-01-14 12:03:34,26.85,27,1008.16,33
2112,2022-01-14 12:05:35,26.9,27,1008.12,33
2113,2022-01-14 12:07:35,26.89,27,1008.05,34
2114,2022-01-14 12:09:35,26.91,27,1008.07,34
2115,2022-01-14 12:11:36,26.87,27,1008.16,34
2116,2022-01-14 12:13:36,26.89,27,1008.15,34
2117,2022-01-14 12:15:36,26.85,27,1007.91,34
2118,2022-01-14 12:17:37,26.87,27,1008.04,35
2119,2022-01-14 12:18:31,26.87,27,1007.92,35
2120,2022-01-14 12:19:02,26.86,27,1008.01,35
2121,2022-01-14 12:19:32,26.84,27,1007.94,35
2122,2022-01-14 12:20:02,26.85,27,1008.14,35
2123,2022-01-14 12:20:33,26.83,27,1008.16,35
2124,2022-01-14 12:21:03,26.86,27,1008.16,35
2125,2022-01-14 12:21:33,26.87,27,1007.99,35
2126,2022-01-14 12:22:04,26.9,27,1007.98,34
2127,2022-01-14 12:22:34,26.91,27,1008.04,34
2128,2022-01-14 12:23:04,26.9,27,1007.99,34
2129,2022-01-14 12:23:34,26.86,27,1008.03,35
2130,2022-01-14 12:24:05,26.86,27,1007.86,35
2131,2022-01-14 12:24:35,26.86,27,1008.14,35
2132,2022-01-14 12:25:05,26.87,27,1007.99,34
2133,2022-01-14 12:25:36,26.87,27,1007.91,35
2134,2022-01-14 12:26:06,26.86,27,1007.94,34
2135,2022-01-14 12:26:36,26.85,27,1007.95,34
2136,2022-01-14 12:27:07,26.85,27,1007.95,34
2137,2022-01-14 12:27:37,26.84,27,1008.14,34
2138,2022-01-14 12:28:07,26.83,27,1007.89,34
2139,2022-01-14 12:28:38,26.84,27,1008.05,34
2140,2022-01-14 12:29:08,26.87,27,1007.93,34
2141,2022-01-14 12:29:38,26.87,27,1007.99,34
2142,2022-01-14 12:30:08,26.87,27,1007.91,34
2143,2022-01-14 12:30:39,26.85,27,1008.14,34
2144,2022-01-14 12:31:09,26.85,27,1007.96,34
